UtcTime,Computer,User,EventID,Image,CommandLine,ParentImage,DestinationIp,DestinationPort,Hashes
2026-01-18 00:00:00.000,K8S-PROD-01,a.cho,1,python3,"python3",explorer.exe,,,SHA256=0002dc20da6b32b10002dc20da6b32b10002dc20da6b32b10002dc20da6b32b1
2026-01-18 00:08:43.711,WIN-FS02,r.singh,1,chrome.exe,"chrome.exe",cmd.exe,,,SHA256=0009cb5af7dd2b2c0009cb5af7dd2b2c0009cb5af7dd2b2c0009cb5af7dd2b2c
2026-01-18 00:11:56.049,WIN-ITADMIN-03,svc_backup,1,python3,"python3",systemd,,,SHA256=000975274b3ea62d000975274b3ea62d000975274b3ea62d000975274b3ea62d
2026-01-18 00:22:44.079,WIN-ITADMIN-03,a.cho,1,node,"node",cmd.exe,,,SHA256=0001836b1d8d8d4c0001836b1d8d8d4c0001836b1d8d8d4c0001836b1d8d8d4c
2026-01-18 00:28:36.616,LINUX-BUILD-01,r.singh,1,sshd,"sshd",cmd.exe,,,SHA256=00113ae4c5cc757300113ae4c5cc757300113ae4c5cc757300113ae4c5cc7573
2026-01-18 00:39:30.496,WIN-FS02,svc-export,1,outlook.exe,"outlook.exe",explorer.exe,,,SHA256=00059a03d4a769e900059a03d4a769e900059a03d4a769e900059a03d4a769e9
2026-01-18 00:43:00.307,LINUX-BUILD-01,a.cho,1,slack.exe,"slack.exe",explorer.exe,,,SHA256=0014d2841e3303a70014d2841e3303a70014d2841e3303a70014d2841e3303a7
2026-01-18 00:53:09.843,LINUX-ESXI-MGMT,svc-build,1,chrome.exe,"chrome.exe",launchd,,,SHA256=001df90e955c2ab8001df90e955c2ab8001df90e955c2ab8001df90e955c2ab8
2026-01-18 01:00:47.295,WIN-ITADMIN-03,svc_backup,1,node,"node",explorer.exe,,,SHA256=0010eae38c2442cb0010eae38c2442cb0010eae38c2442cb0010eae38c2442cb
2026-01-18 01:07:50.279,K8S-PROD-01,svc-export,1,git,"git",explorer.exe,,,SHA256=000ba5424d91bd46000ba5424d91bd46000ba5424d91bd46000ba5424d91bd46
2026-01-18 01:15:15.040,LINUX-BUILD-01,svc-export,1,powershell.exe,"powershell.exe",explorer.exe,,,SHA256=00125ae96b06ea7d00125ae96b06ea7d00125ae96b06ea7d00125ae96b06ea7d
2026-01-18 01:23:59.316,LINUX-BUILD-01,svc-build,1,slack.exe,"slack.exe",explorer.exe,,,SHA256=0021e91c7bf9b8d20021e91c7bf9b8d20021e91c7bf9b8d20021e91c7bf9b8d2
2026-01-18 01:28:21.711,LINUX-BUILD-01,svc-build,1,node,"node",cmd.exe,,,SHA256=0007ea6cc2ceabf00007ea6cc2ceabf00007ea6cc2ceabf00007ea6cc2ceabf0
2026-01-18 01:39:22.227,WIN-ACCT-WS22,a.cho,1,node,"node",systemd,,,SHA256=0016254815b107650016254815b107650016254815b107650016254815b10765
2026-01-18 01:49:37.737,WIN-ACCT-WS22,svc-build,1,python3,"python3",launchd,,,SHA256=00162cece879bf2f00162cece879bf2f00162cece879bf2f00162cece879bf2f
2026-01-18 02:00:20.279,WIN-ITADMIN-03,svc-export,1,powershell.exe,"powershell.exe",launchd,,,SHA256=00014c38bd278e3300014c38bd278e3300014c38bd278e3300014c38bd278e33
2026-01-18 02:10:31.535,WIN-ITADMIN-03,svc-export,1,python3,"python3",systemd,,,SHA256=001fcedb94c36590001fcedb94c36590001fcedb94c36590001fcedb94c36590
2026-01-18 02:19:28.911,WIN-ITADMIN-03,j.duran,1,python3,"python3",systemd,,,SHA256=00116b74fac7913800116b74fac7913800116b74fac7913800116b74fac79138
2026-01-18 02:22:51.099,WIN-ACCT-WS22,iam.automation,1,outlook.exe,"outlook.exe",systemd,,,SHA256=000422ea269f3d75000422ea269f3d75000422ea269f3d75000422ea269f3d75
2026-01-18 02:33:26.597,WIN-FS02,svc-build,1,outlook.exe,"outlook.exe",launchd,,,SHA256=0006ec072ba5ce0d0006ec072ba5ce0d0006ec072ba5ce0d0006ec072ba5ce0d
2026-01-18 02:44:28.766,LINUX-BUILD-01,svc-export,1,sshd,"sshd",systemd,,,SHA256=0009b652d6b283480009b652d6b283480009b652d6b283480009b652d6b28348
2026-01-18 02:54:05.767,WIN-ACCT-WS22,a.cho,1,node,"node",launchd,,,SHA256=000caa20c5b68a0b000caa20c5b68a0b000caa20c5b68a0b000caa20c5b68a0b
2026-01-18 03:00:32.066,WIN-FS02,svc-export,1,chrome.exe,"chrome.exe",explorer.exe,,,SHA256=001e6b249e6a9bb8001e6b249e6a9bb8001e6b249e6a9bb8001e6b249e6a9bb8
2026-01-18 03:07:07.766,WIN-ACCT-WS22,r.singh,1,git,"git",launchd,,,SHA256=0012076a34d40fa20012076a34d40fa20012076a34d40fa20012076a34d40fa2
2026-01-18 03:10:09.230,LINUX-BUILD-01,a.cho,1,sshd,"sshd",cmd.exe,,,SHA256=0017a7021b19832f0017a7021b19832f0017a7021b19832f0017a7021b19832f
2026-01-18 03:17:24.479,K8S-PROD-01,svc-build,1,powershell.exe,"powershell.exe",explorer.exe,,,SHA256=001d0532c67956f9001d0532c67956f9001d0532c67956f9001d0532c67956f9
2026-01-18 03:25:33.523,WIN-ITADMIN-03,svc-build,1,outlook.exe,"outlook.exe",launchd,,,SHA256=00186daab6dafe9500186daab6dafe9500186daab6dafe9500186daab6dafe95
2026-01-18 03:33:19.864,LINUX-ESXI-MGMT,svc_backup,1,node,"node",systemd,,,SHA256=000d0bfa0d26d5c8000d0bfa0d26d5c8000d0bfa0d26d5c8000d0bfa0d26d5c8
2026-01-18 03:44:16.220,WIN-ACCT-WS22,svc-build,1,git,"git",cmd.exe,,,SHA256=0005127d1d73a94a0005127d1d73a94a0005127d1d73a94a0005127d1d73a94a
2026-01-18 03:54:45.251,WIN-FS02,svc-build,1,outlook.exe,"outlook.exe",systemd,,,SHA256=001672797b6bb274001672797b6bb274001672797b6bb274001672797b6bb274
2026-01-18 03:58:53.640,WIN-ITADMIN-03,svc-build,1,git,"git",explorer.exe,,,SHA256=0002a6b439e13c600002a6b439e13c600002a6b439e13c600002a6b439e13c60
2026-01-18 04:06:52.910,WIN-ACCT-WS22,a.cho,1,git,"git",launchd,,,SHA256=001698498826d66b001698498826d66b001698498826d66b001698498826d66b
2026-01-18 04:12:59.303,WIN-ITADMIN-03,svc-build,1,sshd,"sshd",explorer.exe,,,SHA256=0002e265ec66ab170002e265ec66ab170002e265ec66ab170002e265ec66ab17
2026-01-18 04:23:52.997,K8S-PROD-01,r.singh,1,node,"node",cmd.exe,,,SHA256=00131a6362219bc000131a6362219bc000131a6362219bc000131a6362219bc0
2026-01-18 04:30:07.884,WIN-ITADMIN-03,svc_backup,1,slack.exe,"slack.exe",systemd,,,SHA256=0001dca69e68f09d0001dca69e68f09d0001dca69e68f09d0001dca69e68f09d
2026-01-18 04:37:49.627,LINUX-ESXI-MGMT,svc-export,1,git,"git",launchd,,,SHA256=0015b913bc7812080015b913bc7812080015b913bc7812080015b913bc781208
2026-01-18 04:40:23.278,WIN-ITADMIN-03,j.duran,1,slack.exe,"slack.exe",launchd,,,SHA256=0000c4f32a0eab050000c4f32a0eab050000c4f32a0eab050000c4f32a0eab05
2026-01-18 04:48:52.434,WIN-FS02,j.duran,1,sshd,"sshd",launchd,,,SHA256=001ee5bbb4c51676001ee5bbb4c51676001ee5bbb4c51676001ee5bbb4c51676
2026-01-18 04:53:58.684,WIN-ACCT-WS22,svc_backup,1,python3,"python3",explorer.exe,,,SHA256=00117045154ddf8700117045154ddf8700117045154ddf8700117045154ddf87
2026-01-18 04:56:30.615,LINUX-ESXI-MGMT,svc_backup,1,node,"node",systemd,,,SHA256=001ca6cad172bb34001ca6cad172bb34001ca6cad172bb34001ca6cad172bb34
2026-01-18 05:04:02.294,WIN-ACCT-WS22,svc_backup,1,git,"git",explorer.exe,,,SHA256=001dcb358d3e83f8001dcb358d3e83f8001dcb358d3e83f8001dcb358d3e83f8
2026-01-18 05:07:57.078,WIN-FS02,svc-build,1,powershell.exe,"powershell.exe",cmd.exe,,,SHA256=00236ffe9201ba0200236ffe9201ba0200236ffe9201ba0200236ffe9201ba02
2026-01-18 05:10:57.742,WIN-ACCT-WS22,svc-build,1,node,"node",systemd,,,SHA256=0017d4f138bfa98b0017d4f138bfa98b0017d4f138bfa98b0017d4f138bfa98b
2026-01-18 05:21:40.926,WIN-ACCT-WS22,iam.automation,1,slack.exe,"slack.exe",launchd,,,SHA256=0013371d2902ee150013371d2902ee150013371d2902ee150013371d2902ee15
2026-01-18 05:27:54.124,WIN-ITADMIN-03,j.duran,1,chrome.exe,"chrome.exe",explorer.exe,,,SHA256=0007e9f5a7a464c70007e9f5a7a464c70007e9f5a7a464c70007e9f5a7a464c7
2026-01-18 05:30:27.155,WIN-ACCT-WS22,svc_backup,1,chrome.exe,"chrome.exe",systemd,,,SHA256=00145e448f7e112800145e448f7e112800145e448f7e112800145e448f7e1128
2026-01-18 05:39:36.021,LINUX-ESXI-MGMT,svc-export,1,python3,"python3",explorer.exe,,,SHA256=000623177e91cecb000623177e91cecb000623177e91cecb000623177e91cecb
2026-01-18 05:43:53.050,K8S-PROD-01,iam.automation,1,git,"git",launchd,,,SHA256=000c47e9435937e5000c47e9435937e5000c47e9435937e5000c47e9435937e5
2026-01-18 05:51:49.588,WIN-FS02,r.singh,1,git,"git",launchd,,,SHA256=0010e81aabe6bbc00010e81aabe6bbc00010e81aabe6bbc00010e81aabe6bbc0
2026-01-18 05:55:11.407,WIN-FS02,svc-build,1,powershell.exe,"powershell.exe",launchd,,,SHA256=00150ce0d760c97a00150ce0d760c97a00150ce0d760c97a00150ce0d760c97a
2026-01-18 06:01:16.366,LINUX-BUILD-01,svc-export,1,slack.exe,"slack.exe",explorer.exe,,,SHA256=0002c4c76d78029d0002c4c76d78029d0002c4c76d78029d0002c4c76d78029d
2026-01-18 06:06:21.304,WIN-ACCT-WS22,svc-export,1,sshd,"sshd",explorer.exe,,,SHA256=0006651a6ea2ee740006651a6ea2ee740006651a6ea2ee740006651a6ea2ee74
2026-01-18 06:15:52.145,WIN-FS02,r.singh,1,git,"git",launchd,,,SHA256=0015f815fa9d72210015f815fa9d72210015f815fa9d72210015f815fa9d7221
2026-01-18 06:24:27.813,WIN-ACCT-WS22,r.singh,1,powershell.exe,"powershell.exe",systemd,,,SHA256=000977e811ddb2e1000977e811ddb2e1000977e811ddb2e1000977e811ddb2e1
2026-01-18 06:29:03.796,K8S-PROD-01,a.cho,1,git,"git",launchd,,,SHA256=001120add62acf0c001120add62acf0c001120add62acf0c001120add62acf0c
2026-01-18 06:32:42.625,WIN-ACCT-WS22,r.singh,1,powershell.exe,"powershell.exe",launchd,,,SHA256=00105a0f511157a500105a0f511157a500105a0f511157a500105a0f511157a5
2026-01-18 06:43:42.629,WIN-FS02,r.singh,1,outlook.exe,"outlook.exe",cmd.exe,,,SHA256=001cbed7af43779f001cbed7af43779f001cbed7af43779f001cbed7af43779f
2026-01-18 06:52:58.212,WIN-ACCT-WS22,svc-export,1,node,"node",launchd,,,SHA256=00192b0ae8158f1b00192b0ae8158f1b00192b0ae8158f1b00192b0ae8158f1b
2026-01-18 06:59:48.452,WIN-ACCT-WS22,iam.automation,1,powershell.exe,"powershell.exe",launchd,,,SHA256=000b6d1faefa8854000b6d1faefa8854000b6d1faefa8854000b6d1faefa8854
2026-01-18 07:06:38.776,WIN-FS02,r.singh,1,powershell.exe,"powershell.exe",systemd,,,SHA256=00200bce1e6aa0ee00200bce1e6aa0ee00200bce1e6aa0ee00200bce1e6aa0ee
2026-01-18 07:09:24.150,WIN-FS02,svc-export,1,powershell.exe,"powershell.exe",explorer.exe,,,SHA256=0002c44de1cd9de00002c44de1cd9de00002c44de1cd9de00002c44de1cd9de0
2026-01-18 07:18:51.834,LINUX-BUILD-01,svc_backup,1,outlook.exe,"outlook.exe",explorer.exe,,,SHA256=000f508f93f9b139000f508f93f9b139000f508f93f9b139000f508f93f9b139
2026-01-18 07:22:36.192,WIN-FS02,svc-build,1,python3,"python3",cmd.exe,,,SHA256=0012322801919069001232280191906900123228019190690012322801919069
2026-01-18 07:29:54.953,LINUX-ESXI-MGMT,svc-build,1,powershell.exe,"powershell.exe",systemd,,,SHA256=000630ddc867a6db000630ddc867a6db000630ddc867a6db000630ddc867a6db
2026-01-18 07:34:42.144,K8S-PROD-01,svc-build,1,slack.exe,"slack.exe",cmd.exe,,,SHA256=000d27be49b3c402000d27be49b3c402000d27be49b3c402000d27be49b3c402
2026-01-18 07:43:12.734,WIN-ITADMIN-03,svc_backup,1,node,"node",explorer.exe,,,SHA256=00175c7658c56d1f00175c7658c56d1f00175c7658c56d1f00175c7658c56d1f
2026-01-18 07:50:01.848,LINUX-BUILD-01,j.duran,1,outlook.exe,"outlook.exe",launchd,,,SHA256=000e35208d5bea6e000e35208d5bea6e000e35208d5bea6e000e35208d5bea6e
2026-01-18 07:59:49.798,LINUX-BUILD-01,iam.automation,1,chrome.exe,"chrome.exe",systemd,,,SHA256=000d028de8e28c8a000d028de8e28c8a000d028de8e28c8a000d028de8e28c8a
2026-01-18 08:05:14.586,K8S-PROD-01,svc-export,1,node,"node",cmd.exe,,,SHA256=002028d3465c5214002028d3465c5214002028d3465c5214002028d3465c5214
2026-01-18 08:09:06.137,WIN-ITADMIN-03,svc-build,1,slack.exe,"slack.exe",systemd,,,SHA256=000fc8d828f95705000fc8d828f95705000fc8d828f95705000fc8d828f95705
2026-01-18 08:15:20.145,WIN-ACCT-WS22,j.duran,1,outlook.exe,"outlook.exe",launchd,,,SHA256=0012a824cb611e400012a824cb611e400012a824cb611e400012a824cb611e40
2026-01-18 08:21:31.822,WIN-ITADMIN-03,iam.automation,1,powershell.exe,"powershell.exe",launchd,,,SHA256=0009788669c6232e0009788669c6232e0009788669c6232e0009788669c6232e
2026-01-18 08:27:47.355,WIN-ACCT-WS22,j.duran,1,sshd,"sshd",cmd.exe,,,SHA256=001e0268287c049a001e0268287c049a001e0268287c049a001e0268287c049a
2026-01-18 08:33:38.688,LINUX-BUILD-01,svc-export,1,chrome.exe,"chrome.exe",systemd,,,SHA256=0015e77dc52b52fb0015e77dc52b52fb0015e77dc52b52fb0015e77dc52b52fb
2026-01-18 08:41:49.264,WIN-FS02,j.duran,1,slack.exe,"slack.exe",cmd.exe,,,SHA256=0018d0f486456bea0018d0f486456bea0018d0f486456bea0018d0f486456bea
2026-01-18 08:49:17.233,WIN-ACCT-WS22,svc_backup,1,slack.exe,"slack.exe",explorer.exe,,,SHA256=00102e66f515218f00102e66f515218f00102e66f515218f00102e66f515218f
2026-01-18 08:51:49.758,LINUX-BUILD-01,iam.automation,1,chrome.exe,"chrome.exe",launchd,,,SHA256=0009d19c5ee0080c0009d19c5ee0080c0009d19c5ee0080c0009d19c5ee0080c
2026-01-18 09:02:07.605,WIN-ACCT-WS22,r.singh,1,outlook.exe,"outlook.exe",cmd.exe,,,SHA256=00125988579b745f00125988579b745f00125988579b745f00125988579b745f
2026-01-18 09:09:42.070,K8S-PROD-01,a.cho,1,outlook.exe,"outlook.exe",cmd.exe,,,SHA256=000dd7e714b94f30000dd7e714b94f30000dd7e714b94f30000dd7e714b94f30
2026-01-18 09:16:04.165,LINUX-ESXI-MGMT,iam.automation,1,git,"git",launchd,,,SHA256=0007688571f52b850007688571f52b850007688571f52b850007688571f52b85
2026-01-18 09:22:45.206,WIN-ITADMIN-03,j.duran,1,python3,"python3",systemd,,,SHA256=0012101ff66364560012101ff66364560012101ff66364560012101ff6636456
2026-01-18 09:32:33.741,K8S-PROD-01,svc-build,1,git,"git",systemd,,,SHA256=0014077b395aad660014077b395aad660014077b395aad660014077b395aad66
2026-01-18 09:36:39.994,WIN-ACCT-WS22,a.cho,1,chrome.exe,"chrome.exe",launchd,,,SHA256=000f37fcc6965307000f37fcc6965307000f37fcc6965307000f37fcc6965307
2026-01-18 09:42:38.322,WIN-ACCT-WS22,a.cho,1,outlook.exe,"outlook.exe",launchd,,,SHA256=0007990dab4ba9820007990dab4ba9820007990dab4ba9820007990dab4ba982
2026-01-18 09:49:52.048,WIN-ITADMIN-03,a.cho,1,slack.exe,"slack.exe",cmd.exe,,,SHA256=00180ce21dccb85700180ce21dccb85700180ce21dccb85700180ce21dccb857
2026-01-18 09:57:53.552,WIN-FS02,svc-build,1,sshd,"sshd",launchd,,,SHA256=0016542e83794e9b0016542e83794e9b0016542e83794e9b0016542e83794e9b
2026-01-18 10:05:24.572,WIN-FS02,iam.automation,1,git,"git",systemd,,,SHA256=0000a65fe62335190000a65fe62335190000a65fe62335190000a65fe6233519
2026-01-18 10:11:25.022,WIN-ACCT-WS22,svc-export,1,slack.exe,"slack.exe",systemd,,,SHA256=0003991752a170070003991752a170070003991752a170070003991752a17007
2026-01-18 10:18:29.570,WIN-ACCT-WS22,svc-export,1,sshd,"sshd",explorer.exe,,,SHA256=0017a89a0b1e45630017a89a0b1e45630017a89a0b1e45630017a89a0b1e4563
2026-01-18 10:28:04.973,LINUX-BUILD-01,svc-build,1,slack.exe,"slack.exe",launchd,,,SHA256=0007b4590ac356580007b4590ac356580007b4590ac356580007b4590ac35658
2026-01-18 10:33:21.637,WIN-ACCT-WS22,svc-export,1,outlook.exe,"outlook.exe",cmd.exe,,,SHA256=00023dc01aca594400023dc01aca594400023dc01aca594400023dc01aca5944
2026-01-18 10:43:22.651,WIN-ACCT-WS22,iam.automation,1,chrome.exe,"chrome.exe",cmd.exe,,,SHA256=001bdb2abcd7372d001bdb2abcd7372d001bdb2abcd7372d001bdb2abcd7372d
2026-01-18 10:49:24.132,WIN-ITADMIN-03,svc-export,1,node,"node",systemd,,,SHA256=000c10b1e4ce4ac3000c10b1e4ce4ac3000c10b1e4ce4ac3000c10b1e4ce4ac3
2026-01-18 10:53:22.194,WIN-FS02,j.duran,1,slack.exe,"slack.exe",cmd.exe,,,SHA256=0010aab1c60a90510010aab1c60a90510010aab1c60a90510010aab1c60a9051
2026-01-18 11:02:53.171,LINUX-BUILD-01,svc-build,1,slack.exe,"slack.exe",explorer.exe,,,SHA256=001c9a2af0368d1a001c9a2af0368d1a001c9a2af0368d1a001c9a2af0368d1a
2026-01-18 11:11:12.519,WIN-ACCT-WS22,svc-build,1,node,"node",systemd,,,SHA256=0015cac98b5fe21c0015cac98b5fe21c0015cac98b5fe21c0015cac98b5fe21c
2026-01-18 11:19:50.481,LINUX-BUILD-01,svc-build,1,outlook.exe,"outlook.exe",systemd,,,SHA256=00031b4fddacb13200031b4fddacb13200031b4fddacb13200031b4fddacb132
2026-01-18 11:25:54.351,LINUX-ESXI-MGMT,iam.automation,1,chrome.exe,"chrome.exe",cmd.exe,,,SHA256=0022780790b785080022780790b785080022780790b785080022780790b78508
2026-01-18 11:29:11.813,WIN-ITADMIN-03,a.cho,1,python3,"python3",explorer.exe,,,SHA256=001b9602901d1b61001b9602901d1b61001b9602901d1b61001b9602901d1b61
2026-01-18 11:38:00.124,WIN-ACCT-WS22,a.cho,1,node,"node",explorer.exe,,,SHA256=000c412fce4f9694000c412fce4f9694000c412fce4f9694000c412fce4f9694
2026-01-18 11:41:23.203,LINUX-BUILD-01,svc_backup,1,slack.exe,"slack.exe",explorer.exe,,,SHA256=00183698a3f4066100183698a3f4066100183698a3f4066100183698a3f40661
2026-01-18 11:51:03.117,LINUX-BUILD-01,svc_backup,1,sshd,"sshd",systemd,,,SHA256=000d3dd5376a3958000d3dd5376a3958000d3dd5376a3958000d3dd5376a3958
2026-01-18 12:02:13.019,LINUX-ESXI-MGMT,svc-build,1,python3,"python3",cmd.exe,,,SHA256=00023ce9fdf82f9100023ce9fdf82f9100023ce9fdf82f9100023ce9fdf82f91
2026-01-18 12:09:42.828,WIN-ITADMIN-03,iam.automation,1,outlook.exe,"outlook.exe",systemd,,,SHA256=0020a026a32fa4680020a026a32fa4680020a026a32fa4680020a026a32fa468
2026-01-18 12:12:53.345,WIN-ITADMIN-03,svc_backup,1,git,"git",cmd.exe,,,SHA256=000fdd464403c872000fdd464403c872000fdd464403c872000fdd464403c872
2026-01-18 12:19:34.198,LINUX-BUILD-01,j.duran,1,slack.exe,"slack.exe",systemd,,,SHA256=001d9351ceaabdee001d9351ceaabdee001d9351ceaabdee001d9351ceaabdee
2026-01-18 12:25:39.884,WIN-ACCT-WS22,iam.automation,1,python3,"python3",explorer.exe,,,SHA256=001f4405c66a895b001f4405c66a895b001f4405c66a895b001f4405c66a895b
2026-01-18 12:32:38.927,LINUX-BUILD-01,iam.automation,1,git,"git",cmd.exe,,,SHA256=0001bc96ef1d3d000001bc96ef1d3d000001bc96ef1d3d000001bc96ef1d3d00
2026-01-18 12:35:45.184,WIN-ACCT-WS22,iam.automation,1,outlook.exe,"outlook.exe",cmd.exe,,,SHA256=001a5cfe4c0f017e001a5cfe4c0f017e001a5cfe4c0f017e001a5cfe4c0f017e
2026-01-18 12:44:57.744,LINUX-ESXI-MGMT,r.singh,1,powershell.exe,"powershell.exe",cmd.exe,,,SHA256=00091dd657998ec800091dd657998ec800091dd657998ec800091dd657998ec8
2026-01-18 12:48:35.616,WIN-FS02,j.duran,1,node,"node",cmd.exe,,,SHA256=001064d4f387801f001064d4f387801f001064d4f387801f001064d4f387801f
2026-01-18 12:59:13.140,WIN-ITADMIN-03,svc-export,1,python3,"python3",launchd,,,SHA256=0016732be0fffad60016732be0fffad60016732be0fffad60016732be0fffad6
2026-01-18 13:07:48.159,WIN-FS02,j.duran,1,sshd,"sshd",explorer.exe,,,SHA256=001aea68e56c3311001aea68e56c3311001aea68e56c3311001aea68e56c3311
2026-01-18 13:19:12.657,LINUX-BUILD-01,j.duran,1,powershell.exe,"powershell.exe",explorer.exe,,,SHA256=000cef1cebbbc2be000cef1cebbbc2be000cef1cebbbc2be000cef1cebbbc2be
2026-01-18 13:29:38.670,WIN-FS02,a.cho,1,git,"git",cmd.exe,,,SHA256=0009415cc01756720009415cc01756720009415cc01756720009415cc0175672
2026-01-18 13:40:13.497,LINUX-BUILD-01,iam.automation,1,git,"git",cmd.exe,,,SHA256=0022169c233a38f80022169c233a38f80022169c233a38f80022169c233a38f8
2026-01-18 13:47:58.952,WIN-ITADMIN-03,r.singh,1,sshd,"sshd",launchd,,,SHA256=001607072ed991aa001607072ed991aa001607072ed991aa001607072ed991aa
2026-01-18 13:56:09.807,K8S-PROD-01,iam.automation,1,chrome.exe,"chrome.exe",cmd.exe,,,SHA256=0013d8f057450af70013d8f057450af70013d8f057450af70013d8f057450af7
2026-01-18 14:03:15.532,WIN-FS02,svc-export,1,python3,"python3",cmd.exe,,,SHA256=00107a4b8178dda000107a4b8178dda000107a4b8178dda000107a4b8178dda0
2026-01-18 14:08:54.632,K8S-PROD-01,iam.automation,1,python3,"python3",cmd.exe,,,SHA256=001aa3cc94753a8a001aa3cc94753a8a001aa3cc94753a8a001aa3cc94753a8a
2026-01-18 14:14:08.730,LINUX-ESXI-MGMT,svc-build,1,node,"node",systemd,,,SHA256=001ce56b9aa9903e001ce56b9aa9903e001ce56b9aa9903e001ce56b9aa9903e
2026-01-18 14:21:49.160,WIN-FS02,r.singh,1,chrome.exe,"chrome.exe",systemd,,,SHA256=0015d6142c3682710015d6142c3682710015d6142c3682710015d6142c368271
2026-01-18 14:32:06.168,LINUX-BUILD-01,svc-export,1,sshd,"sshd",cmd.exe,,,SHA256=001d08f5f2f56926001d08f5f2f56926001d08f5f2f56926001d08f5f2f56926
2026-01-18 14:36:02.492,K8S-PROD-01,a.cho,1,python3,"python3",cmd.exe,,,SHA256=002322f6ecf32242002322f6ecf32242002322f6ecf32242002322f6ecf32242
2026-01-18 14:45:10.549,LINUX-BUILD-01,svc-build,1,chrome.exe,"chrome.exe",explorer.exe,,,SHA256=002060aba01abbb4002060aba01abbb4002060aba01abbb4002060aba01abbb4
2026-01-18 14:55:45.810,WIN-ACCT-WS22,svc_backup,1,chrome.exe,"chrome.exe",explorer.exe,,,SHA256=0006350811464d7c0006350811464d7c0006350811464d7c0006350811464d7c
2026-01-18 15:02:57.124,WIN-ACCT-WS22,j.duran,1,python3,"python3",explorer.exe,,,SHA256=001b2c8dd4401235001b2c8dd4401235001b2c8dd4401235001b2c8dd4401235
2026-01-18 15:13:15.439,WIN-FS02,a.cho,1,powershell.exe,"powershell.exe",cmd.exe,,,SHA256=0014caab9fa9b9eb0014caab9fa9b9eb0014caab9fa9b9eb0014caab9fa9b9eb
2026-01-18 15:20:41.900,LINUX-ESXI-MGMT,r.singh,1,git,"git",systemd,,,SHA256=00161be20f1de66800161be20f1de66800161be20f1de66800161be20f1de668
2026-01-18 15:30:59.908,K8S-PROD-01,svc-export,1,sshd,"sshd",systemd,,,SHA256=000227627b55093e000227627b55093e000227627b55093e000227627b55093e
2026-01-18 15:36:17.278,K8S-PROD-01,svc_backup,1,powershell.exe,"powershell.exe",launchd,,,SHA256=001ff876baa24b34001ff876baa24b34001ff876baa24b34001ff876baa24b34
2026-01-18 15:43:56.766,K8S-PROD-01,svc-build,1,outlook.exe,"outlook.exe",cmd.exe,,,SHA256=001db119c47109e5001db119c47109e5001db119c47109e5001db119c47109e5
2026-01-18 15:49:37.418,LINUX-ESXI-MGMT,svc-export,1,slack.exe,"slack.exe",launchd,,,SHA256=000534eab747a3aa000534eab747a3aa000534eab747a3aa000534eab747a3aa
2026-01-18 15:54:25.509,WIN-ITADMIN-03,svc-build,1,sshd,"sshd",launchd,,,SHA256=000e1306a2ac0b2f000e1306a2ac0b2f000e1306a2ac0b2f000e1306a2ac0b2f
2026-01-18 16:02:51.257,WIN-ACCT-WS22,svc-export,1,python3,"python3",launchd,,,SHA256=0019e0fce610c33d0019e0fce610c33d0019e0fce610c33d0019e0fce610c33d
2026-01-18 16:06:53.618,WIN-ACCT-WS22,svc-export,1,chrome.exe,"chrome.exe",launchd,,,SHA256=001915839f74c0a2001915839f74c0a2001915839f74c0a2001915839f74c0a2
2026-01-18 16:15:46.753,K8S-PROD-01,iam.automation,1,outlook.exe,"outlook.exe",cmd.exe,,,SHA256=001e1149d1ae133f001e1149d1ae133f001e1149d1ae133f001e1149d1ae133f
2026-01-18 16:27:13.321,LINUX-BUILD-01,svc-export,1,node,"node",cmd.exe,,,SHA256=001347f1e2c9709c001347f1e2c9709c001347f1e2c9709c001347f1e2c9709c
2026-01-18 16:36:25.507,WIN-ACCT-WS22,iam.automation,1,powershell.exe,"powershell.exe",cmd.exe,,,SHA256=001a7e019830999d001a7e019830999d001a7e019830999d001a7e019830999d
2026-01-18 16:46:57.322,WIN-FS02,svc_backup,1,powershell.exe,"powershell.exe",cmd.exe,,,SHA256=0020beeba17a6a2a0020beeba17a6a2a0020beeba17a6a2a0020beeba17a6a2a
2026-01-18 16:57:52.594,K8S-PROD-01,j.duran,1,git,"git",explorer.exe,,,SHA256=00081b908f2cfcdd00081b908f2cfcdd00081b908f2cfcdd00081b908f2cfcdd
2026-01-18 17:01:22.363,K8S-PROD-01,r.singh,1,powershell.exe,"powershell.exe",systemd,,,SHA256=001e1aa084b9fe25001e1aa084b9fe25001e1aa084b9fe25001e1aa084b9fe25
2026-01-18 17:08:02.017,LINUX-BUILD-01,a.cho,1,outlook.exe,"outlook.exe",launchd,,,SHA256=001d4c096f44e156001d4c096f44e156001d4c096f44e156001d4c096f44e156
2026-01-18 17:12:00.118,WIN-FS02,a.cho,1,node,"node",systemd,,,SHA256=001f00d2e4ec7795001f00d2e4ec7795001f00d2e4ec7795001f00d2e4ec7795
2026-01-18 17:21:03.844,WIN-FS02,svc_backup,1,sshd,"sshd",launchd,,,SHA256=0008753d16633bb00008753d16633bb00008753d16633bb00008753d16633bb0
2026-01-18 17:23:35.523,LINUX-ESXI-MGMT,svc_backup,1,slack.exe,"slack.exe",launchd,,,SHA256=0007395b557acf410007395b557acf410007395b557acf410007395b557acf41
2026-01-18 17:27:54.703,LINUX-ESXI-MGMT,r.singh,1,powershell.exe,"powershell.exe",explorer.exe,,,SHA256=0020955b638a749e0020955b638a749e0020955b638a749e0020955b638a749e
2026-01-18 17:37:23.299,K8S-PROD-01,svc_backup,1,outlook.exe,"outlook.exe",launchd,,,SHA256=000bb96664b61694000bb96664b61694000bb96664b61694000bb96664b61694
2026-01-18 17:45:18.953,LINUX-BUILD-01,svc-export,1,slack.exe,"slack.exe",launchd,,,SHA256=001eda91b84d79da001eda91b84d79da001eda91b84d79da001eda91b84d79da
2026-01-18 17:47:54.024,WIN-FS02,svc_backup,1,python3,"python3",systemd,,,SHA256=000f08d8d5add5b7000f08d8d5add5b7000f08d8d5add5b7000f08d8d5add5b7
2026-01-18 17:54:23.441,K8S-PROD-01,iam.automation,1,git,"git",explorer.exe,,,SHA256=00026766a7fe186000026766a7fe186000026766a7fe186000026766a7fe1860
2026-01-18 18:00:11.755,LINUX-ESXI-MGMT,iam.automation,1,outlook.exe,"outlook.exe",explorer.exe,,,SHA256=0022a65ebe2ad8ea0022a65ebe2ad8ea0022a65ebe2ad8ea0022a65ebe2ad8ea
2026-01-18 18:03:54.415,LINUX-BUILD-01,svc-build,1,powershell.exe,"powershell.exe",launchd,,,SHA256=0002ca4686533bed0002ca4686533bed0002ca4686533bed0002ca4686533bed
2026-01-18 18:09:05.804,WIN-ITADMIN-03,iam.automation,1,node,"node",systemd,,,SHA256=000f121896d02925000f121896d02925000f121896d02925000f121896d02925
2026-01-18 18:13:00.767,K8S-PROD-01,svc-build,1,outlook.exe,"outlook.exe",launchd,,,SHA256=001a45107cd3efb9001a45107cd3efb9001a45107cd3efb9001a45107cd3efb9
2026-01-18 18:17:29.929,LINUX-ESXI-MGMT,r.singh,1,chrome.exe,"chrome.exe",cmd.exe,,,SHA256=001a5ff16fb32bee001a5ff16fb32bee001a5ff16fb32bee001a5ff16fb32bee
2026-01-18 18:20:13.410,LINUX-BUILD-01,svc-export,1,git,"git",cmd.exe,,,SHA256=0000f11549c63c710000f11549c63c710000f11549c63c710000f11549c63c71
2026-01-18 18:23:22.789,WIN-FS02,r.singh,1,outlook.exe,"outlook.exe",systemd,,,SHA256=00080c698106267b00080c698106267b00080c698106267b00080c698106267b
2026-01-18 18:26:06.222,K8S-PROD-01,j.duran,1,powershell.exe,"powershell.exe",cmd.exe,,,SHA256=001018de180e3f7a001018de180e3f7a001018de180e3f7a001018de180e3f7a
2026-01-18 18:31:54.170,WIN-ACCT-WS22,svc-build,1,node,"node",explorer.exe,,,SHA256=002284c44f51a00a002284c44f51a00a002284c44f51a00a002284c44f51a00a
2026-01-18 18:43:09.610,WIN-ITADMIN-03,svc_backup,1,slack.exe,"slack.exe",cmd.exe,,,SHA256=0015d521918117630015d521918117630015d521918117630015d52191811763
2026-01-18 18:46:22.086,WIN-ACCT-WS22,r.singh,1,sshd,"sshd",systemd,,,SHA256=001b2258e4ef5f7f001b2258e4ef5f7f001b2258e4ef5f7f001b2258e4ef5f7f
2026-01-18 18:53:03.367,LINUX-ESXI-MGMT,j.duran,1,python3,"python3",systemd,,,SHA256=001a3763bcd181a9001a3763bcd181a9001a3763bcd181a9001a3763bcd181a9
2026-01-18 18:55:36.506,WIN-ACCT-WS22,svc_backup,1,git,"git",systemd,,,SHA256=000d6243df67003d000d6243df67003d000d6243df67003d000d6243df67003d
2026-01-18 19:01:21.141,WIN-FS02,svc_backup,1,git,"git",systemd,,,SHA256=000c4c2d90b945b1000c4c2d90b945b1000c4c2d90b945b1000c4c2d90b945b1
2026-01-18 19:07:46.073,WIN-ACCT-WS22,svc-build,1,powershell.exe,"powershell.exe",cmd.exe,,,SHA256=0011f87cc9435a480011f87cc9435a480011f87cc9435a480011f87cc9435a48
2026-01-18 19:14:34.436,LINUX-BUILD-01,j.duran,1,slack.exe,"slack.exe",launchd,,,SHA256=000e0cb89994c901000e0cb89994c901000e0cb89994c901000e0cb89994c901
2026-01-18 19:19:14.805,WIN-ITADMIN-03,r.singh,1,outlook.exe,"outlook.exe",explorer.exe,,,SHA256=001d47096b8e399b001d47096b8e399b001d47096b8e399b001d47096b8e399b
2026-01-18 19:28:29.696,K8S-PROD-01,r.singh,1,sshd,"sshd",launchd,,,SHA256=0011a0d2100068c10011a0d2100068c10011a0d2100068c10011a0d2100068c1
2026-01-18 19:37:56.396,WIN-ACCT-WS22,j.duran,1,powershell.exe,"powershell.exe",explorer.exe,,,SHA256=001fc976b14320c5001fc976b14320c5001fc976b14320c5001fc976b14320c5
2026-01-18 19:43:07.664,LINUX-ESXI-MGMT,svc-build,1,chrome.exe,"chrome.exe",cmd.exe,,,SHA256=0002b081368974700002b081368974700002b081368974700002b08136897470
2026-01-18 19:46:44.360,WIN-ITADMIN-03,svc-export,1,slack.exe,"slack.exe",launchd,,,SHA256=0020d896737812ca0020d896737812ca0020d896737812ca0020d896737812ca
2026-01-18 19:50:59.810,LINUX-ESXI-MGMT,j.duran,1,chrome.exe,"chrome.exe",launchd,,,SHA256=0015135c3368e5e90015135c3368e5e90015135c3368e5e90015135c3368e5e9
2026-01-18 19:59:36.882,LINUX-BUILD-01,svc-export,1,python3,"python3",cmd.exe,,,SHA256=00150c3e20eba03600150c3e20eba03600150c3e20eba03600150c3e20eba036
2026-01-18 20:09:52.260,LINUX-ESXI-MGMT,svc-build,1,outlook.exe,"outlook.exe",explorer.exe,,,SHA256=0005e38498a832970005e38498a832970005e38498a832970005e38498a83297
2026-01-18 20:12:25.871,WIN-ITADMIN-03,svc-export,1,outlook.exe,"outlook.exe",systemd,,,SHA256=000f8c2d6e1db383000f8c2d6e1db383000f8c2d6e1db383000f8c2d6e1db383
2026-01-18 20:18:13.287,LINUX-ESXI-MGMT,r.singh,1,chrome.exe,"chrome.exe",launchd,,,SHA256=00079e85a21cd1f600079e85a21cd1f600079e85a21cd1f600079e85a21cd1f6
2026-01-18 20:25:00.339,LINUX-ESXI-MGMT,a.cho,1,python3,"python3",launchd,,,SHA256=00133d88797ed8af00133d88797ed8af00133d88797ed8af00133d88797ed8af
2026-01-18 20:28:16.034,WIN-ITADMIN-03,svc-export,1,powershell.exe,"powershell.exe",explorer.exe,,,SHA256=00233552072c554c00233552072c554c00233552072c554c00233552072c554c
2026-01-18 20:32:44.828,K8S-PROD-01,svc_backup,1,sshd,"sshd",systemd,,,SHA256=00115a9358fafc1800115a9358fafc1800115a9358fafc1800115a9358fafc18
2026-01-18 20:39:33.783,WIN-ACCT-WS22,svc_backup,1,powershell.exe,"powershell.exe",systemd,,,SHA256=00034f6601202ca700034f6601202ca700034f6601202ca700034f6601202ca7
2026-01-18 20:44:34.281,K8S-PROD-01,svc-build,1,git,"git",explorer.exe,,,SHA256=001dc84fe310dc9a001dc84fe310dc9a001dc84fe310dc9a001dc84fe310dc9a
2026-01-18 20:55:40.691,LINUX-ESXI-MGMT,svc_backup,1,sshd,"sshd",launchd,,,SHA256=000baf3b44b87519000baf3b44b87519000baf3b44b87519000baf3b44b87519
2026-01-18 20:58:37.316,LINUX-ESXI-MGMT,iam.automation,1,sshd,"sshd",explorer.exe,,,SHA256=001535ac8311aceb001535ac8311aceb001535ac8311aceb001535ac8311aceb
2026-01-18 21:01:36.553,WIN-ACCT-WS22,a.cho,1,powershell.exe,"powershell.exe",systemd,,,SHA256=001322b8e1bc6c32001322b8e1bc6c32001322b8e1bc6c32001322b8e1bc6c32
2026-01-18 21:07:40.553,LINUX-ESXI-MGMT,j.duran,1,git,"git",cmd.exe,,,SHA256=000ed9e41063a034000ed9e41063a034000ed9e41063a034000ed9e41063a034
2026-01-18 21:14:09.773,K8S-PROD-01,svc-export,1,python3,"python3",explorer.exe,,,SHA256=00085800793064bc00085800793064bc00085800793064bc00085800793064bc
2026-01-18 21:16:57.211,WIN-ITADMIN-03,a.cho,1,git,"git",explorer.exe,,,SHA256=0012778811bd5df20012778811bd5df20012778811bd5df20012778811bd5df2
2026-01-18 21:23:38.342,WIN-ITADMIN-03,a.cho,1,powershell.exe,"powershell.exe",systemd,,,SHA256=0005fc4f72d858bc0005fc4f72d858bc0005fc4f72d858bc0005fc4f72d858bc
2026-01-18 21:26:23.857,LINUX-BUILD-01,a.cho,1,git,"git",explorer.exe,,,SHA256=0013a8774cd2990d0013a8774cd2990d0013a8774cd2990d0013a8774cd2990d
2026-01-18 21:30:44.260,WIN-ACCT-WS22,svc_backup,1,node,"node",cmd.exe,,,SHA256=00067065c1f174a700067065c1f174a700067065c1f174a700067065c1f174a7
2026-01-18 21:38:19.792,K8S-PROD-01,svc-export,1,slack.exe,"slack.exe",explorer.exe,,,SHA256=0020212ba0d246380020212ba0d246380020212ba0d246380020212ba0d24638
2026-01-18 21:43:42.446,WIN-ITADMIN-03,svc_backup,1,node,"node",launchd,,,SHA256=0021e25c93c237e20021e25c93c237e20021e25c93c237e20021e25c93c237e2
2026-01-18 21:48:44.193,K8S-PROD-01,j.duran,1,python3,"python3",explorer.exe,,,SHA256=0005d8ca97422d8a0005d8ca97422d8a0005d8ca97422d8a0005d8ca97422d8a
2026-01-18 21:52:20.829,WIN-ITADMIN-03,svc-export,1,node,"node",explorer.exe,,,SHA256=00120f6ce281068000120f6ce281068000120f6ce281068000120f6ce2810680
2026-01-18 22:02:16.754,LINUX-ESXI-MGMT,svc-build,1,chrome.exe,"chrome.exe",systemd,,,SHA256=001adb3a1e84d35d001adb3a1e84d35d001adb3a1e84d35d001adb3a1e84d35d
2026-01-18 22:10:33.913,K8S-PROD-01,svc-build,1,slack.exe,"slack.exe",cmd.exe,,,SHA256=0014789cfd1948350014789cfd1948350014789cfd1948350014789cfd194835
2026-01-18 22:17:28.195,K8S-PROD-01,j.duran,1,outlook.exe,"outlook.exe",systemd,,,SHA256=00218004a5a4f46600218004a5a4f46600218004a5a4f46600218004a5a4f466
2026-01-18 22:25:47.759,WIN-ACCT-WS22,svc_backup,1,node,"node",explorer.exe,,,SHA256=0006af0c19a1709f0006af0c19a1709f0006af0c19a1709f0006af0c19a1709f
2026-01-18 22:37:17.627,WIN-FS02,svc-build,1,outlook.exe,"outlook.exe",cmd.exe,,,SHA256=001976fbd0e31113001976fbd0e31113001976fbd0e31113001976fbd0e31113
2026-01-18 22:47:39.917,LINUX-ESXI-MGMT,r.singh,1,sshd,"sshd",cmd.exe,,,SHA256=00037ddfb8f28cb800037ddfb8f28cb800037ddfb8f28cb800037ddfb8f28cb8
2026-01-18 22:57:54.389,LINUX-ESXI-MGMT,j.duran,1,python3,"python3",cmd.exe,,,SHA256=000a28de3680c42a000a28de3680c42a000a28de3680c42a000a28de3680c42a
2026-01-18 23:08:53.512,K8S-PROD-01,r.singh,1,powershell.exe,"powershell.exe",cmd.exe,,,SHA256=001ffcbf57d93195001ffcbf57d93195001ffcbf57d93195001ffcbf57d93195
2026-01-18 23:18:52.608,LINUX-ESXI-MGMT,j.duran,1,outlook.exe,"outlook.exe",systemd,,,SHA256=00059c6a47d3e0a000059c6a47d3e0a000059c6a47d3e0a000059c6a47d3e0a0
2026-01-18 23:27:30.276,WIN-FS02,svc-export,1,chrome.exe,"chrome.exe",launchd,,,SHA256=0021974f909ee8620021974f909ee8620021974f909ee8620021974f909ee862
2026-01-18 23:33:47.341,WIN-ACCT-WS22,svc-export,1,sshd,"sshd",launchd,,,SHA256=00019ea7e98f92b900019ea7e98f92b900019ea7e98f92b900019ea7e98f92b9
2026-01-18 23:44:02.951,LINUX-BUILD-01,svc-build,1,python3,"python3",systemd,,,SHA256=000ef7da6b9b73a1000ef7da6b9b73a1000ef7da6b9b73a1000ef7da6b9b73a1
2026-01-18 23:50:51.791,WIN-ITADMIN-03,a.cho,1,powershell.exe,"powershell.exe",explorer.exe,,,SHA256=0002f89d78a800610002f89d78a800610002f89d78a800610002f89d78a80061
2026-01-18 23:58:33.133,K8S-PROD-01,svc-build,1,powershell.exe,"powershell.exe",explorer.exe,,,SHA256=000728035ddb89a0000728035ddb89a0000728035ddb89a0000728035ddb89a0
2026-01-19 00:03:35.722,LINUX-ESXI-MGMT,r.singh,1,sshd,"sshd",systemd,,,SHA256=000326ce171d24c8000326ce171d24c8000326ce171d24c8000326ce171d24c8
2026-01-19 00:12:36.222,WIN-ACCT-WS22,a.cho,1,node,"node",systemd,,,SHA256=000b8b490ceae03b000b8b490ceae03b000b8b490ceae03b000b8b490ceae03b
2026-01-19 00:21:15.805,LINUX-ESXI-MGMT,svc-export,1,slack.exe,"slack.exe",cmd.exe,,,SHA256=001e202f35f1e343001e202f35f1e343001e202f35f1e343001e202f35f1e343
2026-01-19 00:27:00.789,K8S-PROD-01,svc-build,1,sshd,"sshd",launchd,,,SHA256=0007a3fc3b7ca5d20007a3fc3b7ca5d20007a3fc3b7ca5d20007a3fc3b7ca5d2
2026-01-19 00:31:29.273,WIN-ACCT-WS22,j.duran,1,chrome.exe,"chrome.exe",explorer.exe,,,SHA256=0017cf9520398d610017cf9520398d610017cf9520398d610017cf9520398d61
2026-01-19 00:42:05.294,WIN-ACCT-WS22,svc_backup,1,git,"git",cmd.exe,,,SHA256=0023672aff1bc38c0023672aff1bc38c0023672aff1bc38c0023672aff1bc38c
2026-01-19 00:46:52.865,WIN-ACCT-WS22,j.duran,1,node,"node",launchd,,,SHA256=00184f43a22a584a00184f43a22a584a00184f43a22a584a00184f43a22a584a
2026-01-19 00:52:40.697,WIN-FS02,svc_backup,1,chrome.exe,"chrome.exe",explorer.exe,,,SHA256=001280439d7284cc001280439d7284cc001280439d7284cc001280439d7284cc
2026-01-19 01:00:09.685,WIN-ACCT-WS22,a.cho,1,sshd,"sshd",systemd,,,SHA256=0015f9be8af37d5e0015f9be8af37d5e0015f9be8af37d5e0015f9be8af37d5e
2026-01-19 01:04:43.156,LINUX-BUILD-01,j.duran,1,sshd,"sshd",explorer.exe,,,SHA256=00221065b4867ff200221065b4867ff200221065b4867ff200221065b4867ff2
2026-01-19 01:14:57.220,K8S-PROD-01,r.singh,1,slack.exe,"slack.exe",systemd,,,SHA256=0001a9f2cbe7020c0001a9f2cbe7020c0001a9f2cbe7020c0001a9f2cbe7020c
2026-01-19 01:22:06.607,LINUX-ESXI-MGMT,svc_backup,1,chrome.exe,"chrome.exe",explorer.exe,,,SHA256=000282ad8944dc54000282ad8944dc54000282ad8944dc54000282ad8944dc54
2026-01-19 01:27:50.372,WIN-ITADMIN-03,j.duran,1,powershell.exe,"powershell.exe",explorer.exe,,,SHA256=000bdb9cd86362f2000bdb9cd86362f2000bdb9cd86362f2000bdb9cd86362f2
2026-01-19 01:32:20.661,K8S-PROD-01,svc-export,1,chrome.exe,"chrome.exe",launchd,,,SHA256=0012262b742a517e0012262b742a517e0012262b742a517e0012262b742a517e
2026-01-19 01:36:04.013,LINUX-BUILD-01,a.cho,1,git,"git",cmd.exe,,,SHA256=001b30a8a6579e36001b30a8a6579e36001b30a8a6579e36001b30a8a6579e36
2026-01-19 01:40:24.869,WIN-ITADMIN-03,a.cho,1,slack.exe,"slack.exe",launchd,,,SHA256=001bb2b9013b7ba8001bb2b9013b7ba8001bb2b9013b7ba8001bb2b9013b7ba8
2026-01-19 01:51:40.162,WIN-ITADMIN-03,svc-build,1,slack.exe,"slack.exe",cmd.exe,,,SHA256=00153f1026be592200153f1026be592200153f1026be592200153f1026be5922
2026-01-19 01:55:06.038,LINUX-ESXI-MGMT,a.cho,1,powershell.exe,"powershell.exe",cmd.exe,,,SHA256=00181ef21377617700181ef21377617700181ef21377617700181ef213776177
2026-01-19 01:58:35.545,WIN-ACCT-WS22,svc-build,1,outlook.exe,"outlook.exe",cmd.exe,,,SHA256=0000687b5e0a1d030000687b5e0a1d030000687b5e0a1d030000687b5e0a1d03
2026-01-19 02:09:50.897,K8S-PROD-01,svc_backup,1,outlook.exe,"outlook.exe",cmd.exe,,,SHA256=000d9831652846f7000d9831652846f7000d9831652846f7000d9831652846f7
2026-01-19 02:19:45.888,K8S-PROD-01,iam.automation,1,python3,"python3",launchd,,,SHA256=00070f42eeb3e74500070f42eeb3e74500070f42eeb3e74500070f42eeb3e745
2026-01-19 02:28:02.053,LINUX-BUILD-01,svc-export,1,node,"node",launchd,,,SHA256=001111b0938329d7001111b0938329d7001111b0938329d7001111b0938329d7
2026-01-19 02:38:53.946,WIN-ITADMIN-03,r.singh,1,node,"node",explorer.exe,,,SHA256=0002c95b34ca88c90002c95b34ca88c90002c95b34ca88c90002c95b34ca88c9
2026-01-19 02:41:30.780,WIN-ITADMIN-03,svc_backup,1,chrome.exe,"chrome.exe",launchd,,,SHA256=00157c30226c82e500157c30226c82e500157c30226c82e500157c30226c82e5
2026-01-19 02:49:08.886,LINUX-ESXI-MGMT,j.duran,1,outlook.exe,"outlook.exe",explorer.exe,,,SHA256=000cedba5a1e9089000cedba5a1e9089000cedba5a1e9089000cedba5a1e9089
2026-01-19 02:58:55.829,K8S-PROD-01,iam.automation,1,sshd,"sshd",systemd,,,SHA256=0011c2f71faf28cb0011c2f71faf28cb0011c2f71faf28cb0011c2f71faf28cb
2026-01-19 03:09:35.254,K8S-PROD-01,svc-export,1,sshd,"sshd",systemd,,,SHA256=00228cdb7cbdbd6e00228cdb7cbdbd6e00228cdb7cbdbd6e00228cdb7cbdbd6e
2026-01-19 03:16:23.060,WIN-ACCT-WS22,svc_backup,1,slack.exe,"slack.exe",explorer.exe,,,SHA256=0016dc159a9b70090016dc159a9b70090016dc159a9b70090016dc159a9b7009
2026-01-19 03:23:50.407,WIN-ACCT-WS22,svc-build,1,sshd,"sshd",systemd,,,SHA256=00005f9337f7337000005f9337f7337000005f9337f7337000005f9337f73370
2026-01-19 03:28:36.323,WIN-ITADMIN-03,j.duran,1,chrome.exe,"chrome.exe",cmd.exe,,,SHA256=001ba28430b5e435001ba28430b5e435001ba28430b5e435001ba28430b5e435
2026-01-19 03:38:59.895,WIN-FS02,svc-export,1,python3,"python3",explorer.exe,,,SHA256=001d0b419c8fefee001d0b419c8fefee001d0b419c8fefee001d0b419c8fefee
2026-01-19 03:46:55.654,K8S-PROD-01,j.duran,1,sshd,"sshd",launchd,,,SHA256=00223c262a93367000223c262a93367000223c262a93367000223c262a933670
2026-01-19 03:54:20.916,LINUX-ESXI-MGMT,svc-build,1,git,"git",cmd.exe,,,SHA256=001c96e9d8de394d001c96e9d8de394d001c96e9d8de394d001c96e9d8de394d
2026-01-19 04:01:54.452,WIN-ITADMIN-03,iam.automation,1,slack.exe,"slack.exe",explorer.exe,,,SHA256=000069f7e2653d2b000069f7e2653d2b000069f7e2653d2b000069f7e2653d2b
2026-01-19 04:12:14.575,WIN-FS02,r.singh,1,python3,"python3",explorer.exe,,,SHA256=00028b105db305d500028b105db305d500028b105db305d500028b105db305d5
2026-01-19 04:20:32.947,WIN-ACCT-WS22,svc-export,1,powershell.exe,"powershell.exe",systemd,,,SHA256=000e63b1e63b211a000e63b1e63b211a000e63b1e63b211a000e63b1e63b211a
2026-01-19 04:30:48.324,WIN-FS02,svc-export,1,slack.exe,"slack.exe",explorer.exe,,,SHA256=00013f9739a495ca00013f9739a495ca00013f9739a495ca00013f9739a495ca
2026-01-19 04:36:40.891,WIN-ACCT-WS22,j.duran,1,outlook.exe,"outlook.exe",cmd.exe,,,SHA256=0002786f3b0a13770002786f3b0a13770002786f3b0a13770002786f3b0a1377
2026-01-19 04:40:00.576,LINUX-ESXI-MGMT,svc_backup,1,outlook.exe,"outlook.exe",launchd,,,SHA256=0013c48996e3bcc90013c48996e3bcc90013c48996e3bcc90013c48996e3bcc9
2026-01-19 04:48:08.027,LINUX-ESXI-MGMT,iam.automation,1,sshd,"sshd",cmd.exe,,,SHA256=001564092575297b001564092575297b001564092575297b001564092575297b
2026-01-19 04:57:00.101,LINUX-ESXI-MGMT,svc-build,1,node,"node",systemd,,,SHA256=000a98ba24b19664000a98ba24b19664000a98ba24b19664000a98ba24b19664
2026-01-19 05:01:56.508,WIN-ITADMIN-03,iam.automation,1,node,"node",cmd.exe,,,SHA256=001d02d2d83e3918001d02d2d83e3918001d02d2d83e3918001d02d2d83e3918
2026-01-19 05:06:23.457,WIN-FS02,r.singh,1,slack.exe,"slack.exe",cmd.exe,,,SHA256=000aa018a2b6a1ff000aa018a2b6a1ff000aa018a2b6a1ff000aa018a2b6a1ff
2026-01-19 05:16:55.084,WIN-FS02,svc-build,1,slack.exe,"slack.exe",explorer.exe,,,SHA256=001974247671d2fa001974247671d2fa001974247671d2fa001974247671d2fa
2026-01-19 05:27:34.312,WIN-FS02,r.singh,1,outlook.exe,"outlook.exe",launchd,,,SHA256=002367e702e281ea002367e702e281ea002367e702e281ea002367e702e281ea
2026-01-19 05:34:30.469,LINUX-ESXI-MGMT,svc-build,1,powershell.exe,"powershell.exe",explorer.exe,,,SHA256=0009010d8d67b5be0009010d8d67b5be0009010d8d67b5be0009010d8d67b5be
2026-01-19 05:45:59.162,LINUX-BUILD-01,svc_backup,1,python3,"python3",cmd.exe,,,SHA256=00069ecc9e3cd9c200069ecc9e3cd9c200069ecc9e3cd9c200069ecc9e3cd9c2
2026-01-19 05:52:56.964,K8S-PROD-01,svc-build,1,python3,"python3",systemd,,,SHA256=00111e0bd0f8567200111e0bd0f8567200111e0bd0f8567200111e0bd0f85672
2026-01-19 06:03:34.551,WIN-ACCT-WS22,r.singh,1,sshd,"sshd",launchd,,,SHA256=00170f7504c1080400170f7504c1080400170f7504c1080400170f7504c10804
2026-01-19 06:10:20.994,WIN-ACCT-WS22,j.duran,1,slack.exe,"slack.exe",launchd,,,SHA256=00225f1d63aa5a5000225f1d63aa5a5000225f1d63aa5a5000225f1d63aa5a50
2026-01-19 06:14:31.538,LINUX-ESXI-MGMT,svc-build,1,node,"node",cmd.exe,,,SHA256=000f540cd52ab6f1000f540cd52ab6f1000f540cd52ab6f1000f540cd52ab6f1
2026-01-19 06:20:22.881,K8S-PROD-01,r.singh,1,sshd,"sshd",launchd,,,SHA256=0013f1923d581db50013f1923d581db50013f1923d581db50013f1923d581db5
2026-01-19 06:23:43.786,WIN-FS02,iam.automation,1,slack.exe,"slack.exe",explorer.exe,,,SHA256=00008270468680a800008270468680a800008270468680a800008270468680a8
2026-01-19 06:27:53.771,WIN-ACCT-WS22,a.cho,1,slack.exe,"slack.exe",explorer.exe,,,SHA256=001fd92960b5a467001fd92960b5a467001fd92960b5a467001fd92960b5a467
2026-01-19 06:37:16.251,WIN-ACCT-WS22,svc-build,1,chrome.exe,"chrome.exe",launchd,,,SHA256=001e51c9780e2280001e51c9780e2280001e51c9780e2280001e51c9780e2280
2026-01-19 06:42:51.279,K8S-PROD-01,svc-export,1,sshd,"sshd",cmd.exe,,,SHA256=0007bc65ef038f060007bc65ef038f060007bc65ef038f060007bc65ef038f06
2026-01-19 06:49:32.104,WIN-ITADMIN-03,svc-build,1,node,"node",cmd.exe,,,SHA256=0000ec825065fba40000ec825065fba40000ec825065fba40000ec825065fba4
2026-01-19 06:54:33.023,WIN-ACCT-WS22,svc-build,1,chrome.exe,"chrome.exe",launchd,,,SHA256=000e60ea0c8ef1d1000e60ea0c8ef1d1000e60ea0c8ef1d1000e60ea0c8ef1d1
2026-01-19 07:01:26.116,WIN-ACCT-WS22,a.cho,1,chrome.exe,"chrome.exe",explorer.exe,,,SHA256=00226b5edd90d2f400226b5edd90d2f400226b5edd90d2f400226b5edd90d2f4
2026-01-19 07:12:12.858,LINUX-BUILD-01,svc-export,1,git,"git",systemd,,,SHA256=000a7f0850dc289d000a7f0850dc289d000a7f0850dc289d000a7f0850dc289d
2026-01-19 07:19:33.373,LINUX-BUILD-01,a.cho,1,powershell.exe,"powershell.exe",cmd.exe,,,SHA256=0013377f91a3201a0013377f91a3201a0013377f91a3201a0013377f91a3201a
2026-01-19 07:22:40.236,WIN-ITADMIN-03,a.cho,1,sshd,"sshd",launchd,,,SHA256=0017deb7cc7f04110017deb7cc7f04110017deb7cc7f04110017deb7cc7f0411
2026-01-19 07:31:52.830,WIN-FS02,svc-build,1,python3,"python3",launchd,,,SHA256=001fd61dbe8753ea001fd61dbe8753ea001fd61dbe8753ea001fd61dbe8753ea
2026-01-19 07:42:48.751,LINUX-BUILD-01,j.duran,1,outlook.exe,"outlook.exe",systemd,,,SHA256=0012524335e4ec260012524335e4ec260012524335e4ec260012524335e4ec26
2026-01-19 07:51:05.796,WIN-ITADMIN-03,svc_backup,1,slack.exe,"slack.exe",launchd,,,SHA256=001ff58c4636dbfd001ff58c4636dbfd001ff58c4636dbfd001ff58c4636dbfd
2026-01-19 07:56:15.541,LINUX-BUILD-01,svc_backup,1,python3,"python3",launchd,,,SHA256=000dfee02169d3dc000dfee02169d3dc000dfee02169d3dc000dfee02169d3dc
2026-01-19 08:05:20.113,WIN-ITADMIN-03,svc_backup,1,git,"git",launchd,,,SHA256=000292a11d89dd8f000292a11d89dd8f000292a11d89dd8f000292a11d89dd8f
2026-01-19 08:16:38.861,LINUX-ESXI-MGMT,svc-export,1,python3,"python3",explorer.exe,,,SHA256=0002fba11c241a3f0002fba11c241a3f0002fba11c241a3f0002fba11c241a3f
2026-01-19 08:23:31.385,LINUX-BUILD-01,j.duran,1,outlook.exe,"outlook.exe",systemd,,,SHA256=000aa1f3e77fe397000aa1f3e77fe397000aa1f3e77fe397000aa1f3e77fe397
2026-01-19 08:32:36.750,WIN-FS02,svc-build,1,sshd,"sshd",cmd.exe,,,SHA256=001c50ba271ab49d001c50ba271ab49d001c50ba271ab49d001c50ba271ab49d
2026-01-19 08:43:23.253,LINUX-BUILD-01,iam.automation,1,python3,"python3",explorer.exe,,,SHA256=001bcf92e85dfc27001bcf92e85dfc27001bcf92e85dfc27001bcf92e85dfc27
2026-01-19 08:51:35.349,LINUX-BUILD-01,r.singh,1,outlook.exe,"outlook.exe",explorer.exe,,,SHA256=0015a9f611f33dff0015a9f611f33dff0015a9f611f33dff0015a9f611f33dff
2026-01-19 08:54:29.331,LINUX-ESXI-MGMT,a.cho,1,git,"git",launchd,,,SHA256=0022cd8a774201040022cd8a774201040022cd8a774201040022cd8a77420104
2026-01-19 09:02:11.051,LINUX-BUILD-01,j.duran,1,sshd,"sshd",explorer.exe,,,SHA256=00223a6e78f2c7f000223a6e78f2c7f000223a6e78f2c7f000223a6e78f2c7f0
2026-01-19 09:12:30.053,WIN-ITADMIN-03,iam.automation,1,chrome.exe,"chrome.exe",cmd.exe,,,SHA256=0011d6b8572107880011d6b8572107880011d6b8572107880011d6b857210788
2026-01-19 09:19:56.283,LINUX-ESXI-MGMT,svc-build,1,chrome.exe,"chrome.exe",launchd,,,SHA256=000c0d8e7072886c000c0d8e7072886c000c0d8e7072886c000c0d8e7072886c
2026-01-19 09:29:18.284,LINUX-BUILD-01,svc-build,1,node,"node",explorer.exe,,,SHA256=0007d555886633b60007d555886633b60007d555886633b60007d555886633b6
2026-01-19 09:37:54.358,K8S-PROD-01,svc_backup,1,chrome.exe,"chrome.exe",launchd,,,SHA256=0010b78be7cac1270010b78be7cac1270010b78be7cac1270010b78be7cac127
2026-01-19 09:43:18.199,LINUX-ESXI-MGMT,iam.automation,1,sshd,"sshd",explorer.exe,,,SHA256=0001bfd7d28e6a9d0001bfd7d28e6a9d0001bfd7d28e6a9d0001bfd7d28e6a9d
2026-01-19 09:48:34.442,LINUX-ESXI-MGMT,a.cho,1,slack.exe,"slack.exe",cmd.exe,,,SHA256=0018dde695f47c020018dde695f47c020018dde695f47c020018dde695f47c02
2026-01-19 09:51:42.544,WIN-ITADMIN-03,svc-export,1,outlook.exe,"outlook.exe",cmd.exe,,,SHA256=00056cf3ae589ff100056cf3ae589ff100056cf3ae589ff100056cf3ae589ff1
2026-01-19 09:59:13.322,K8S-PROD-01,j.duran,1,chrome.exe,"chrome.exe",launchd,,,SHA256=000c23e3133ef8c9000c23e3133ef8c9000c23e3133ef8c9000c23e3133ef8c9
2026-01-19 10:07:24.018,LINUX-ESXI-MGMT,svc-export,1,node,"node",explorer.exe,,,SHA256=0013ade69806bae70013ade69806bae70013ade69806bae70013ade69806bae7
2026-01-19 10:10:56.278,K8S-PROD-01,a.cho,1,node,"node",explorer.exe,,,SHA256=00059f3eb688e83100059f3eb688e83100059f3eb688e83100059f3eb688e831
2026-01-19 10:15:17.150,WIN-FS02,r.singh,1,sshd,"sshd",cmd.exe,,,SHA256=000d899d0ba14e4f000d899d0ba14e4f000d899d0ba14e4f000d899d0ba14e4f
2026-01-19 10:20:04.989,K8S-PROD-01,svc-export,1,git,"git",cmd.exe,,,SHA256=000b04c406e3d010000b04c406e3d010000b04c406e3d010000b04c406e3d010
2026-01-19 10:26:57.652,WIN-ACCT-WS22,a.cho,1,outlook.exe,"outlook.exe",explorer.exe,,,SHA256=000862e8e8a29ff5000862e8e8a29ff5000862e8e8a29ff5000862e8e8a29ff5
2026-01-19 10:32:06.028,K8S-PROD-01,svc-export,1,git,"git",explorer.exe,,,SHA256=000dd5b7ac8034dd000dd5b7ac8034dd000dd5b7ac8034dd000dd5b7ac8034dd
2026-01-19 10:37:46.880,LINUX-BUILD-01,a.cho,1,chrome.exe,"chrome.exe",explorer.exe,,,SHA256=000ee94ec912bb3b000ee94ec912bb3b000ee94ec912bb3b000ee94ec912bb3b
2026-01-19 10:49:09.121,WIN-FS02,r.singh,1,powershell.exe,"powershell.exe",cmd.exe,,,SHA256=000e0831596a646a000e0831596a646a000e0831596a646a000e0831596a646a
2026-01-19 11:00:19.631,WIN-FS02,iam.automation,1,chrome.exe,"chrome.exe",launchd,,,SHA256=00236ffd20db8af200236ffd20db8af200236ffd20db8af200236ffd20db8af2
2026-01-19 11:08:09.987,WIN-FS02,svc-build,1,python3,"python3",launchd,,,SHA256=001aff3e4ecefdde001aff3e4ecefdde001aff3e4ecefdde001aff3e4ecefdde
2026-01-19 11:11:34.154,WIN-FS02,svc-build,1,slack.exe,"slack.exe",explorer.exe,,,SHA256=002169b6a8433678002169b6a8433678002169b6a8433678002169b6a8433678
2026-01-19 11:19:28.171,LINUX-ESXI-MGMT,svc_backup,1,git,"git",cmd.exe,,,SHA256=001c105a2f2f92f7001c105a2f2f92f7001c105a2f2f92f7001c105a2f2f92f7
2026-01-19 11:29:53.860,K8S-PROD-01,a.cho,1,outlook.exe,"outlook.exe",systemd,,,SHA256=001d5ad73eb23e16001d5ad73eb23e16001d5ad73eb23e16001d5ad73eb23e16
2026-01-19 11:35:15.941,LINUX-ESXI-MGMT,svc_backup,1,node,"node",cmd.exe,,,SHA256=0004584398a4fe800004584398a4fe800004584398a4fe800004584398a4fe80
2026-01-19 11:39:30.851,WIN-ITADMIN-03,j.duran,1,git,"git",launchd,,,SHA256=001d9a07620e1299001d9a07620e1299001d9a07620e1299001d9a07620e1299
2026-01-19 11:49:49.918,WIN-ACCT-WS22,a.cho,1,outlook.exe,"outlook.exe",cmd.exe,,,SHA256=00024b5b20354c0f00024b5b20354c0f00024b5b20354c0f00024b5b20354c0f
2026-01-19 11:56:32.011,LINUX-BUILD-01,svc-export,1,powershell.exe,"powershell.exe",cmd.exe,,,SHA256=00007b310f6f243000007b310f6f243000007b310f6f243000007b310f6f2430
2026-01-19 12:01:22.750,K8S-PROD-01,a.cho,1,outlook.exe,"outlook.exe",systemd,,,SHA256=0020c88573724d020020c88573724d020020c88573724d020020c88573724d02
2026-01-19 12:09:29.023,WIN-ACCT-WS22,svc-build,1,slack.exe,"slack.exe",launchd,,,SHA256=0002cd2e2ea6a4870002cd2e2ea6a4870002cd2e2ea6a4870002cd2e2ea6a487
2026-01-19 12:17:07.752,WIN-FS02,r.singh,1,outlook.exe,"outlook.exe",explorer.exe,,,SHA256=001815cbef4f36bb001815cbef4f36bb001815cbef4f36bb001815cbef4f36bb
2026-01-19 12:22:44.311,K8S-PROD-01,svc-export,1,python3,"python3",launchd,,,SHA256=00067e4bda27782400067e4bda27782400067e4bda27782400067e4bda277824
2026-01-19 12:29:15.084,WIN-FS02,svc-build,1,sshd,"sshd",explorer.exe,,,SHA256=00160fb3970be61900160fb3970be61900160fb3970be61900160fb3970be619
2026-01-19 12:31:45.517,WIN-ITADMIN-03,j.duran,1,python3,"python3",launchd,,,SHA256=000f74d5f9351301000f74d5f9351301000f74d5f9351301000f74d5f9351301
2026-01-19 12:37:53.618,LINUX-ESXI-MGMT,svc_backup,1,powershell.exe,"powershell.exe",launchd,,,SHA256=001c9636e7ada438001c9636e7ada438001c9636e7ada438001c9636e7ada438
2026-01-19 12:47:51.754,WIN-ACCT-WS22,iam.automation,1,powershell.exe,"powershell.exe",launchd,,,SHA256=0004ac4d460b3c690004ac4d460b3c690004ac4d460b3c690004ac4d460b3c69
2026-01-19 12:56:38.329,WIN-FS02,j.duran,1,git,"git",cmd.exe,,,SHA256=000f0259988d886c000f0259988d886c000f0259988d886c000f0259988d886c
2026-01-19 13:01:35.511,LINUX-BUILD-01,svc_backup,1,node,"node",cmd.exe,,,SHA256=00213060efb9f61600213060efb9f61600213060efb9f61600213060efb9f616
2026-01-19 13:10:18.618,K8S-PROD-01,iam.automation,1,outlook.exe,"outlook.exe",launchd,,,SHA256=0010d3fe19e2d37a0010d3fe19e2d37a0010d3fe19e2d37a0010d3fe19e2d37a
2026-01-19 13:17:34.699,WIN-ACCT-WS22,svc-build,1,python3,"python3",explorer.exe,,,SHA256=001142d4b9880289001142d4b9880289001142d4b9880289001142d4b9880289
2026-01-19 13:20:08.635,LINUX-BUILD-01,svc-export,1,chrome.exe,"chrome.exe",explorer.exe,,,SHA256=000b7fb29f99e017000b7fb29f99e017000b7fb29f99e017000b7fb29f99e017
2026-01-19 13:29:09.945,WIN-FS02,r.singh,1,git,"git",cmd.exe,,,SHA256=0006e335ac44c6aa0006e335ac44c6aa0006e335ac44c6aa0006e335ac44c6aa
2026-01-19 13:39:56.268,WIN-ITADMIN-03,j.duran,1,powershell.exe,"powershell.exe",systemd,,,SHA256=0000b0d8ddcc84a40000b0d8ddcc84a40000b0d8ddcc84a40000b0d8ddcc84a4
2026-01-19 13:44:52.893,LINUX-ESXI-MGMT,svc_backup,1,outlook.exe,"outlook.exe",systemd,,,SHA256=0005eeafc66f82a30005eeafc66f82a30005eeafc66f82a30005eeafc66f82a3
2026-01-19 13:53:53.126,WIN-ACCT-WS22,svc_backup,1,git,"git",launchd,,,SHA256=0010ab577d0d022b0010ab577d0d022b0010ab577d0d022b0010ab577d0d022b
2026-01-19 13:59:11.866,WIN-ACCT-WS22,iam.automation,1,slack.exe,"slack.exe",explorer.exe,,,SHA256=00132fa3c8b81df900132fa3c8b81df900132fa3c8b81df900132fa3c8b81df9
2026-01-19 14:02:23.410,LINUX-ESXI-MGMT,svc-export,1,chrome.exe,"chrome.exe",systemd,,,SHA256=001e0a61f6ebdc93001e0a61f6ebdc93001e0a61f6ebdc93001e0a61f6ebdc93
2026-01-19 14:07:51.888,WIN-FS02,svc-build,1,sshd,"sshd",cmd.exe,,,SHA256=0017d3d49f3202eb0017d3d49f3202eb0017d3d49f3202eb0017d3d49f3202eb
2026-01-19 14:15:15.269,WIN-ITADMIN-03,svc-build,1,powershell.exe,"powershell.exe",explorer.exe,,,SHA256=001d3333a519382a001d3333a519382a001d3333a519382a001d3333a519382a
2026-01-19 14:20:26.678,LINUX-ESXI-MGMT,r.singh,1,python3,"python3",explorer.exe,,,SHA256=00217c10304ec50e00217c10304ec50e00217c10304ec50e00217c10304ec50e
2026-01-19 14:30:13.781,WIN-ACCT-WS22,svc-build,1,sshd,"sshd",explorer.exe,,,SHA256=0011cc22dd2398530011cc22dd2398530011cc22dd2398530011cc22dd239853
2026-01-19 14:41:30.868,K8S-PROD-01,svc-build,1,node,"node",explorer.exe,,,SHA256=0005a696b99a8f260005a696b99a8f260005a696b99a8f260005a696b99a8f26
2026-01-19 14:47:00.395,WIN-ITADMIN-03,a.cho,1,git,"git",explorer.exe,,,SHA256=000528b37c8f1b8d000528b37c8f1b8d000528b37c8f1b8d000528b37c8f1b8d
2026-01-19 14:51:21.296,LINUX-BUILD-01,svc-export,1,node,"node",explorer.exe,,,SHA256=001b1b3ec9779448001b1b3ec9779448001b1b3ec9779448001b1b3ec9779448
2026-01-19 14:57:19.241,WIN-ACCT-WS22,r.singh,1,git,"git",systemd,,,SHA256=00026f28056e90a600026f28056e90a600026f28056e90a600026f28056e90a6
2026-01-19 15:02:46.885,WIN-ITADMIN-03,j.duran,1,slack.exe,"slack.exe",explorer.exe,,,SHA256=000cf5dda9640030000cf5dda9640030000cf5dda9640030000cf5dda9640030
2026-01-19 15:11:56.379,WIN-ACCT-WS22,svc-export,1,powershell.exe,"powershell.exe",explorer.exe,,,SHA256=000a96da97d7013f000a96da97d7013f000a96da97d7013f000a96da97d7013f
2026-01-19 15:15:07.209,K8S-PROD-01,r.singh,1,slack.exe,"slack.exe",launchd,,,SHA256=000b36775b7a22df000b36775b7a22df000b36775b7a22df000b36775b7a22df
2026-01-19 15:21:53.654,LINUX-BUILD-01,iam.automation,1,outlook.exe,"outlook.exe",cmd.exe,,,SHA256=001ec75620378d83001ec75620378d83001ec75620378d83001ec75620378d83
2026-01-19 15:29:10.498,K8S-PROD-01,j.duran,1,sshd,"sshd",explorer.exe,,,SHA256=000af1bed90cd378000af1bed90cd378000af1bed90cd378000af1bed90cd378
2026-01-19 15:37:24.473,LINUX-ESXI-MGMT,iam.automation,1,sshd,"sshd",launchd,,,SHA256=001ded0d5f4cb522001ded0d5f4cb522001ded0d5f4cb522001ded0d5f4cb522
2026-01-19 15:40:22.446,LINUX-BUILD-01,svc_backup,1,outlook.exe,"outlook.exe",launchd,,,SHA256=0008876a8f66465b0008876a8f66465b0008876a8f66465b0008876a8f66465b
2026-01-19 15:49:34.424,WIN-ACCT-WS22,iam.automation,1,slack.exe,"slack.exe",explorer.exe,,,SHA256=001063f8aadc6992001063f8aadc6992001063f8aadc6992001063f8aadc6992
2026-01-19 15:54:07.815,LINUX-BUILD-01,svc_backup,1,python3,"python3",cmd.exe,,,SHA256=001d55349b01d281001d55349b01d281001d55349b01d281001d55349b01d281
2026-01-19 15:59:55.298,WIN-ACCT-WS22,j.duran,1,node,"node",explorer.exe,,,SHA256=002234a784ce8588002234a784ce8588002234a784ce8588002234a784ce8588
2026-01-19 16:04:47.450,WIN-ACCT-WS22,svc-export,1,sshd,"sshd",launchd,,,SHA256=001868c97c0f6218001868c97c0f6218001868c97c0f6218001868c97c0f6218
2026-01-19 16:09:36.691,K8S-PROD-01,svc_backup,1,outlook.exe,"outlook.exe",explorer.exe,,,SHA256=00235dd9812985b200235dd9812985b200235dd9812985b200235dd9812985b2
2026-01-19 16:15:23.950,WIN-FS02,svc_backup,1,outlook.exe,"outlook.exe",cmd.exe,,,SHA256=00206ef447cc8a6000206ef447cc8a6000206ef447cc8a6000206ef447cc8a60
2026-01-19 16:25:04.992,WIN-FS02,svc-build,1,slack.exe,"slack.exe",systemd,,,SHA256=0018d9cbcc779eb90018d9cbcc779eb90018d9cbcc779eb90018d9cbcc779eb9
2026-01-19 16:27:49.860,LINUX-BUILD-01,r.singh,1,git,"git",cmd.exe,,,SHA256=000b3d8fbd1386c8000b3d8fbd1386c8000b3d8fbd1386c8000b3d8fbd1386c8
2026-01-19 16:36:35.182,LINUX-ESXI-MGMT,svc-export,1,powershell.exe,"powershell.exe",explorer.exe,,,SHA256=001d496ac5f08c76001d496ac5f08c76001d496ac5f08c76001d496ac5f08c76
2026-01-19 16:41:42.879,WIN-ITADMIN-03,r.singh,1,node,"node",systemd,,,SHA256=001f3197f5949343001f3197f5949343001f3197f5949343001f3197f5949343
2026-01-19 16:46:06.511,K8S-PROD-01,svc_backup,1,powershell.exe,"powershell.exe",systemd,,,SHA256=0011807ab8c4b6710011807ab8c4b6710011807ab8c4b6710011807ab8c4b671
2026-01-19 16:51:53.196,LINUX-ESXI-MGMT,svc-build,1,outlook.exe,"outlook.exe",systemd,,,SHA256=0003d1bc43b361ee0003d1bc43b361ee0003d1bc43b361ee0003d1bc43b361ee
2026-01-19 16:57:48.715,WIN-ACCT-WS22,a.cho,1,python3,"python3",systemd,,,SHA256=0010a45eab1985a10010a45eab1985a10010a45eab1985a10010a45eab1985a1
2026-01-19 17:01:58.704,WIN-FS02,iam.automation,1,python3,"python3",launchd,,,SHA256=000af7be8be7a7e7000af7be8be7a7e7000af7be8be7a7e7000af7be8be7a7e7
2026-01-19 17:13:11.094,WIN-ITADMIN-03,a.cho,1,slack.exe,"slack.exe",explorer.exe,,,SHA256=00016ce289e4076000016ce289e4076000016ce289e4076000016ce289e40760
2026-01-19 17:23:04.451,LINUX-BUILD-01,a.cho,1,outlook.exe,"outlook.exe",cmd.exe,,,SHA256=0022e80e142ffd660022e80e142ffd660022e80e142ffd660022e80e142ffd66
2026-01-19 17:26:42.367,WIN-FS02,r.singh,1,slack.exe,"slack.exe",systemd,,,SHA256=001f25d77e9839af001f25d77e9839af001f25d77e9839af001f25d77e9839af
2026-01-19 17:36:13.326,WIN-ITADMIN-03,j.duran,1,sshd,"sshd",systemd,,,SHA256=001e419a91528d1f001e419a91528d1f001e419a91528d1f001e419a91528d1f
2026-01-19 17:38:54.874,WIN-FS02,iam.automation,1,outlook.exe,"outlook.exe",explorer.exe,,,SHA256=00109ab24f349cab00109ab24f349cab00109ab24f349cab00109ab24f349cab
2026-01-19 17:46:55.593,K8S-PROD-01,a.cho,1,slack.exe,"slack.exe",explorer.exe,,,SHA256=000897811e734eda000897811e734eda000897811e734eda000897811e734eda
2026-01-19 17:57:22.288,K8S-PROD-01,svc-export,1,chrome.exe,"chrome.exe",systemd,,,SHA256=00001ade9acbe54e00001ade9acbe54e00001ade9acbe54e00001ade9acbe54e
2026-01-19 18:03:35.521,WIN-ACCT-WS22,iam.automation,1,chrome.exe,"chrome.exe",cmd.exe,,,SHA256=001c91a005fdc951001c91a005fdc951001c91a005fdc951001c91a005fdc951
2026-01-19 18:08:05.655,K8S-PROD-01,j.duran,1,powershell.exe,"powershell.exe",launchd,,,SHA256=001cc4ea1d2bed69001cc4ea1d2bed69001cc4ea1d2bed69001cc4ea1d2bed69
2026-01-19 18:11:13.969,WIN-FS02,iam.automation,1,node,"node",launchd,,,SHA256=001cd9cd4e91974c001cd9cd4e91974c001cd9cd4e91974c001cd9cd4e91974c
2026-01-19 18:15:38.182,WIN-FS02,r.singh,1,git,"git",cmd.exe,,,SHA256=0018a971e7163cdf0018a971e7163cdf0018a971e7163cdf0018a971e7163cdf
2026-01-19 18:21:36.425,K8S-PROD-01,svc-build,1,slack.exe,"slack.exe",systemd,,,SHA256=00126c4f96a12bfa00126c4f96a12bfa00126c4f96a12bfa00126c4f96a12bfa
2026-01-19 18:28:04.838,K8S-PROD-01,a.cho,1,powershell.exe,"powershell.exe",explorer.exe,,,SHA256=001cb185a4adc825001cb185a4adc825001cb185a4adc825001cb185a4adc825
2026-01-19 18:34:16.615,LINUX-ESXI-MGMT,r.singh,1,node,"node",systemd,,,SHA256=000ae5a76d429291000ae5a76d429291000ae5a76d429291000ae5a76d429291
2026-01-19 18:41:48.435,LINUX-BUILD-01,svc-build,1,slack.exe,"slack.exe",systemd,,,SHA256=001fb0b13fccbff8001fb0b13fccbff8001fb0b13fccbff8001fb0b13fccbff8
2026-01-19 18:49:56.421,K8S-PROD-01,svc-export,1,node,"node",explorer.exe,,,SHA256=0015fe134c3c25270015fe134c3c25270015fe134c3c25270015fe134c3c2527
2026-01-19 18:56:59.507,WIN-ACCT-WS22,iam.automation,1,sshd,"sshd",explorer.exe,,,SHA256=00007b88ce4c8e5f00007b88ce4c8e5f00007b88ce4c8e5f00007b88ce4c8e5f
2026-01-19 19:06:43.476,WIN-ITADMIN-03,iam.automation,1,node,"node",launchd,,,SHA256=001ff197b63b76d2001ff197b63b76d2001ff197b63b76d2001ff197b63b76d2
2026-01-19 19:12:22.903,K8S-PROD-01,svc-export,1,outlook.exe,"outlook.exe",cmd.exe,,,SHA256=0005325e9d265ce30005325e9d265ce30005325e9d265ce30005325e9d265ce3
2026-01-19 19:20:58.434,LINUX-ESXI-MGMT,svc-build,1,sshd,"sshd",systemd,,,SHA256=000117cdc6d9ecfc000117cdc6d9ecfc000117cdc6d9ecfc000117cdc6d9ecfc
2026-01-19 19:31:59.666,WIN-ACCT-WS22,svc_backup,1,sshd,"sshd",systemd,,,SHA256=00078c0f67b8c00c00078c0f67b8c00c00078c0f67b8c00c00078c0f67b8c00c
2026-01-19 19:41:24.525,WIN-ITADMIN-03,j.duran,1,powershell.exe,"powershell.exe",cmd.exe,,,SHA256=00004984ae41c40a00004984ae41c40a00004984ae41c40a00004984ae41c40a
2026-01-19 19:51:58.357,WIN-ACCT-WS22,svc-build,1,git,"git",cmd.exe,,,SHA256=000facdb5e8f641e000facdb5e8f641e000facdb5e8f641e000facdb5e8f641e
2026-01-19 20:03:22.638,LINUX-BUILD-01,svc-build,1,git,"git",explorer.exe,,,SHA256=001d32bd11a87b30001d32bd11a87b30001d32bd11a87b30001d32bd11a87b30
2026-01-19 20:10:55.646,LINUX-BUILD-01,svc-build,1,sshd,"sshd",cmd.exe,,,SHA256=000575f51614d713000575f51614d713000575f51614d713000575f51614d713
2026-01-19 20:21:15.804,LINUX-BUILD-01,svc-export,1,python3,"python3",launchd,,,SHA256=001c45e13f5de38d001c45e13f5de38d001c45e13f5de38d001c45e13f5de38d
2026-01-19 20:24:41.588,WIN-ITADMIN-03,svc-build,1,node,"node",cmd.exe,,,SHA256=000bdeb04aa2cbda000bdeb04aa2cbda000bdeb04aa2cbda000bdeb04aa2cbda
2026-01-19 20:31:57.563,LINUX-BUILD-01,a.cho,1,sshd,"sshd",cmd.exe,,,SHA256=001e77b2c50f4e8d001e77b2c50f4e8d001e77b2c50f4e8d001e77b2c50f4e8d
2026-01-19 20:41:30.650,LINUX-BUILD-01,svc_backup,1,slack.exe,"slack.exe",cmd.exe,,,SHA256=0015312168bf72d10015312168bf72d10015312168bf72d10015312168bf72d1
2026-01-19 20:50:39.348,WIN-ITADMIN-03,svc-export,1,powershell.exe,"powershell.exe",cmd.exe,,,SHA256=001100b7c583977e001100b7c583977e001100b7c583977e001100b7c583977e
2026-01-19 20:53:15.156,WIN-ACCT-WS22,r.singh,1,slack.exe,"slack.exe",systemd,,,SHA256=000e70ac1f5ac37f000e70ac1f5ac37f000e70ac1f5ac37f000e70ac1f5ac37f
2026-01-19 21:02:02.605,WIN-FS02,j.duran,1,powershell.exe,"powershell.exe",explorer.exe,,,SHA256=00097e40d060047200097e40d060047200097e40d060047200097e40d0600472
2026-01-19 21:12:23.466,WIN-ACCT-WS22,a.cho,1,git,"git",systemd,,,SHA256=0017b179c140d3950017b179c140d3950017b179c140d3950017b179c140d395
2026-01-19 21:18:22.036,LINUX-BUILD-01,j.duran,1,git,"git",systemd,,,SHA256=000ffa3d40dc3a56000ffa3d40dc3a56000ffa3d40dc3a56000ffa3d40dc3a56
2026-01-19 21:22:00.807,LINUX-BUILD-01,svc_backup,1,powershell.exe,"powershell.exe",launchd,,,SHA256=0000fba7f76497240000fba7f76497240000fba7f76497240000fba7f7649724
2026-01-19 21:29:36.950,WIN-FS02,iam.automation,1,outlook.exe,"outlook.exe",cmd.exe,,,SHA256=0019b1f7c04bc0520019b1f7c04bc0520019b1f7c04bc0520019b1f7c04bc052
2026-01-19 21:40:16.330,LINUX-BUILD-01,svc_backup,1,slack.exe,"slack.exe",explorer.exe,,,SHA256=0012c1ad9caaa6220012c1ad9caaa6220012c1ad9caaa6220012c1ad9caaa622
2026-01-19 21:50:28.335,WIN-ACCT-WS22,svc-build,1,git,"git",explorer.exe,,,SHA256=0007a4f0170cce620007a4f0170cce620007a4f0170cce620007a4f0170cce62
2026-01-19 21:58:15.543,WIN-ACCT-WS22,iam.automation,1,sshd,"sshd",launchd,,,SHA256=000f522610e6e31a000f522610e6e31a000f522610e6e31a000f522610e6e31a
2026-01-19 22:04:29.903,LINUX-BUILD-01,j.duran,1,git,"git",cmd.exe,,,SHA256=0012f28dd16063340012f28dd16063340012f28dd16063340012f28dd1606334
2026-01-19 22:12:22.957,WIN-FS02,svc-build,1,outlook.exe,"outlook.exe",systemd,,,SHA256=000cdc64e0e01f31000cdc64e0e01f31000cdc64e0e01f31000cdc64e0e01f31
2026-01-19 22:16:21.961,LINUX-BUILD-01,r.singh,1,outlook.exe,"outlook.exe",explorer.exe,,,SHA256=000506ef4d50dd43000506ef4d50dd43000506ef4d50dd43000506ef4d50dd43
2026-01-19 22:19:55.348,WIN-FS02,j.duran,1,node,"node",explorer.exe,,,SHA256=0003ac88d92c17600003ac88d92c17600003ac88d92c17600003ac88d92c1760
2026-01-19 22:27:47.620,WIN-ACCT-WS22,r.singh,1,python3,"python3",systemd,,,SHA256=001357235adc9333001357235adc9333001357235adc9333001357235adc9333
2026-01-19 22:38:31.712,WIN-ITADMIN-03,svc_backup,1,outlook.exe,"outlook.exe",explorer.exe,,,SHA256=0017a68c5c8b66ef0017a68c5c8b66ef0017a68c5c8b66ef0017a68c5c8b66ef
2026-01-19 22:46:11.436,WIN-FS02,svc_backup,1,chrome.exe,"chrome.exe",explorer.exe,,,SHA256=0000963a8e9d276e0000963a8e9d276e0000963a8e9d276e0000963a8e9d276e
2026-01-19 22:56:01.569,LINUX-ESXI-MGMT,svc-export,1,chrome.exe,"chrome.exe",systemd,,,SHA256=001134ee18c34b2e001134ee18c34b2e001134ee18c34b2e001134ee18c34b2e
2026-01-19 23:04:51.248,LINUX-BUILD-01,r.singh,1,git,"git",launchd,,,SHA256=001e89b3d6c692fe001e89b3d6c692fe001e89b3d6c692fe001e89b3d6c692fe
2026-01-19 23:11:58.947,WIN-ITADMIN-03,svc_backup,1,chrome.exe,"chrome.exe",explorer.exe,,,SHA256=001e75e92a7d5479001e75e92a7d5479001e75e92a7d5479001e75e92a7d5479
2026-01-19 23:15:54.558,WIN-ACCT-WS22,a.cho,1,chrome.exe,"chrome.exe",launchd,,,SHA256=000f007c0c1123ab000f007c0c1123ab000f007c0c1123ab000f007c0c1123ab
2026-01-19 23:25:04.951,LINUX-BUILD-01,j.duran,1,sshd,"sshd",launchd,,,SHA256=0022e0cb1542606c0022e0cb1542606c0022e0cb1542606c0022e0cb1542606c
2026-01-19 23:28:01.467,WIN-ITADMIN-03,svc_backup,1,outlook.exe,"outlook.exe",launchd,,,SHA256=000d0e10c451e957000d0e10c451e957000d0e10c451e957000d0e10c451e957
2026-01-19 23:39:27.491,WIN-FS02,j.duran,1,sshd,"sshd",launchd,,,SHA256=0006ffbcb77b79650006ffbcb77b79650006ffbcb77b79650006ffbcb77b7965
2026-01-19 23:48:16.770,WIN-ACCT-WS22,svc-build,1,slack.exe,"slack.exe",systemd,,,SHA256=0020b4ad99314e980020b4ad99314e980020b4ad99314e980020b4ad99314e98
2026-01-19 23:53:42.336,WIN-FS02,j.duran,1,outlook.exe,"outlook.exe",systemd,,,SHA256=000a8e63147a773a000a8e63147a773a000a8e63147a773a000a8e63147a773a
2026-01-20 00:00:24.450,WIN-ITADMIN-03,j.duran,1,sshd,"sshd",explorer.exe,,,SHA256=0002fb58d454d8960002fb58d454d8960002fb58d454d8960002fb58d454d896
2026-01-20 00:11:25.303,LINUX-BUILD-01,svc-build,1,git,"git",launchd,,,SHA256=0000a886fabb7d3b0000a886fabb7d3b0000a886fabb7d3b0000a886fabb7d3b
2026-01-20 00:21:58.451,K8S-PROD-01,j.duran,1,sshd,"sshd",explorer.exe,,,SHA256=0001d15532af4a250001d15532af4a250001d15532af4a250001d15532af4a25
2026-01-20 00:29:41.013,WIN-ACCT-WS22,iam.automation,1,chrome.exe,"chrome.exe",systemd,,,SHA256=00024a4e821ab16800024a4e821ab16800024a4e821ab16800024a4e821ab168
2026-01-20 00:35:54.213,WIN-ITADMIN-03,a.cho,1,powershell.exe,"powershell.exe",launchd,,,SHA256=000ae2730243a625000ae2730243a625000ae2730243a625000ae2730243a625
2026-01-20 00:45:59.267,WIN-ITADMIN-03,a.cho,1,node,"node",explorer.exe,,,SHA256=0009c445d2c4c8f50009c445d2c4c8f50009c445d2c4c8f50009c445d2c4c8f5
2026-01-20 00:56:06.089,LINUX-ESXI-MGMT,svc_backup,1,git,"git",systemd,,,SHA256=00050c303f02cd1800050c303f02cd1800050c303f02cd1800050c303f02cd18
2026-01-20 00:59:45.719,WIN-FS02,svc-export,1,python3,"python3",launchd,,,SHA256=001c779a5a3745fe001c779a5a3745fe001c779a5a3745fe001c779a5a3745fe
2026-01-20 01:05:46.384,WIN-ACCT-WS22,svc-export,1,python3,"python3",launchd,,,SHA256=0014a013877ab2040014a013877ab2040014a013877ab2040014a013877ab204
2026-01-20 01:14:39.158,LINUX-ESXI-MGMT,a.cho,1,powershell.exe,"powershell.exe",cmd.exe,,,SHA256=000e0ca9e4428285000e0ca9e4428285000e0ca9e4428285000e0ca9e4428285
2026-01-20 01:25:22.385,LINUX-BUILD-01,iam.automation,1,git,"git",cmd.exe,,,SHA256=002124268cc3628a002124268cc3628a002124268cc3628a002124268cc3628a
2026-01-20 01:28:23.312,LINUX-BUILD-01,svc-export,1,powershell.exe,"powershell.exe",launchd,,,SHA256=00061ff8363ee4b300061ff8363ee4b300061ff8363ee4b300061ff8363ee4b3
2026-01-20 01:36:58.375,K8S-PROD-01,svc-export,1,chrome.exe,"chrome.exe",systemd,,,SHA256=00110c65c9555e4500110c65c9555e4500110c65c9555e4500110c65c9555e45
2026-01-20 01:45:06.757,K8S-PROD-01,r.singh,1,slack.exe,"slack.exe",cmd.exe,,,SHA256=001031773bc1d84e001031773bc1d84e001031773bc1d84e001031773bc1d84e
2026-01-20 01:55:10.246,WIN-ITADMIN-03,a.cho,1,powershell.exe,"powershell.exe",systemd,,,SHA256=00005a90ea54f96500005a90ea54f96500005a90ea54f96500005a90ea54f965
2026-01-20 02:02:40.081,LINUX-BUILD-01,iam.automation,1,git,"git",systemd,,,SHA256=00141ca00aa5697700141ca00aa5697700141ca00aa5697700141ca00aa56977
2026-01-20 02:08:30.957,K8S-PROD-01,j.duran,1,node,"node",cmd.exe,,,SHA256=00070168d250c68e00070168d250c68e00070168d250c68e00070168d250c68e
2026-01-20 02:11:25.125,WIN-ACCT-WS22,r.singh,1,chrome.exe,"chrome.exe",explorer.exe,,,SHA256=0017752cd2da9ca80017752cd2da9ca80017752cd2da9ca80017752cd2da9ca8
2026-01-20 02:15:45.694,WIN-FS02,svc-build,1,node,"node",systemd,,,SHA256=0001f3d356e743ed0001f3d356e743ed0001f3d356e743ed0001f3d356e743ed
2026-01-20 02:21:46.729,LINUX-BUILD-01,a.cho,1,chrome.exe,"chrome.exe",explorer.exe,,,SHA256=0022ea36ab6adfec0022ea36ab6adfec0022ea36ab6adfec0022ea36ab6adfec
2026-01-20 02:31:06.244,WIN-ACCT-WS22,a.cho,1,node,"node",launchd,,,SHA256=0021b7fe563a479c0021b7fe563a479c0021b7fe563a479c0021b7fe563a479c
2026-01-20 02:41:43.029,K8S-PROD-01,svc_backup,1,outlook.exe,"outlook.exe",systemd,,,SHA256=0004dce56883315e0004dce56883315e0004dce56883315e0004dce56883315e
2026-01-20 02:45:54.673,LINUX-BUILD-01,iam.automation,1,sshd,"sshd",systemd,,,SHA256=002026753231e736002026753231e736002026753231e736002026753231e736
2026-01-20 02:50:05.998,WIN-ACCT-WS22,svc_backup,1,chrome.exe,"chrome.exe",explorer.exe,,,SHA256=0008634ae0d9d6e60008634ae0d9d6e60008634ae0d9d6e60008634ae0d9d6e6
2026-01-20 03:01:17.081,K8S-PROD-01,svc-export,1,node,"node",explorer.exe,,,SHA256=0006d8f012a4d6bc0006d8f012a4d6bc0006d8f012a4d6bc0006d8f012a4d6bc
2026-01-20 03:08:49.525,K8S-PROD-01,r.singh,1,slack.exe,"slack.exe",systemd,,,SHA256=0001962ddb54c3300001962ddb54c3300001962ddb54c3300001962ddb54c330
2026-01-20 03:17:08.770,LINUX-BUILD-01,svc_backup,1,python3,"python3",systemd,,,SHA256=000f1f71e5057aa8000f1f71e5057aa8000f1f71e5057aa8000f1f71e5057aa8
2026-01-20 03:24:17.963,LINUX-ESXI-MGMT,iam.automation,1,python3,"python3",explorer.exe,,,SHA256=001094fe3f3203f0001094fe3f3203f0001094fe3f3203f0001094fe3f3203f0
2026-01-20 03:35:22.844,LINUX-BUILD-01,svc-build,1,chrome.exe,"chrome.exe",explorer.exe,,,SHA256=001745e9d6f82952001745e9d6f82952001745e9d6f82952001745e9d6f82952
2026-01-20 03:42:53.706,LINUX-BUILD-01,iam.automation,1,git,"git",explorer.exe,,,SHA256=00234d58a835d55400234d58a835d55400234d58a835d55400234d58a835d554
2026-01-20 03:49:54.839,WIN-ITADMIN-03,iam.automation,1,node,"node",cmd.exe,,,SHA256=0006fff843ad57810006fff843ad57810006fff843ad57810006fff843ad5781
2026-01-20 03:59:37.972,LINUX-ESXI-MGMT,iam.automation,1,sshd,"sshd",explorer.exe,,,SHA256=0022686163b536c80022686163b536c80022686163b536c80022686163b536c8
2026-01-20 04:09:26.638,LINUX-ESXI-MGMT,svc_backup,1,outlook.exe,"outlook.exe",systemd,,,SHA256=00063527cc38ac5400063527cc38ac5400063527cc38ac5400063527cc38ac54
2026-01-20 04:13:24.593,WIN-FS02,svc_backup,1,slack.exe,"slack.exe",launchd,,,SHA256=001b9dfd2bf11cf0001b9dfd2bf11cf0001b9dfd2bf11cf0001b9dfd2bf11cf0
2026-01-20 04:19:53.529,WIN-ITADMIN-03,svc-export,1,sshd,"sshd",explorer.exe,,,SHA256=00006571ae12385100006571ae12385100006571ae12385100006571ae123851
2026-01-20 04:22:42.249,K8S-PROD-01,r.singh,1,chrome.exe,"chrome.exe",explorer.exe,,,SHA256=000b9d8f72a89ce0000b9d8f72a89ce0000b9d8f72a89ce0000b9d8f72a89ce0
2026-01-20 04:28:28.906,WIN-ITADMIN-03,svc-export,1,chrome.exe,"chrome.exe",launchd,,,SHA256=000ca7d5932e4bcd000ca7d5932e4bcd000ca7d5932e4bcd000ca7d5932e4bcd
2026-01-20 04:37:46.193,LINUX-BUILD-01,j.duran,1,python3,"python3",cmd.exe,,,SHA256=000ed53625c0ac9f000ed53625c0ac9f000ed53625c0ac9f000ed53625c0ac9f
2026-01-20 04:48:41.724,K8S-PROD-01,a.cho,1,slack.exe,"slack.exe",systemd,,,SHA256=00067fcf38f0a87e00067fcf38f0a87e00067fcf38f0a87e00067fcf38f0a87e
2026-01-20 04:53:56.152,WIN-FS02,svc-export,1,chrome.exe,"chrome.exe",systemd,,,SHA256=001eeeda37c454de001eeeda37c454de001eeeda37c454de001eeeda37c454de
2026-01-20 04:57:12.449,WIN-ACCT-WS22,a.cho,1,powershell.exe,"powershell.exe",explorer.exe,,,SHA256=00014eeb61480a5d00014eeb61480a5d00014eeb61480a5d00014eeb61480a5d
2026-01-20 04:59:42.707,LINUX-ESXI-MGMT,j.duran,1,outlook.exe,"outlook.exe",cmd.exe,,,SHA256=001288939f3b6ff4001288939f3b6ff4001288939f3b6ff4001288939f3b6ff4
2026-01-20 05:07:13.883,WIN-ITADMIN-03,svc_backup,1,sshd,"sshd",cmd.exe,,,SHA256=0017e9b212d843c00017e9b212d843c00017e9b212d843c00017e9b212d843c0
2026-01-20 05:11:00.082,K8S-PROD-01,a.cho,1,python3,"python3",cmd.exe,,,SHA256=000f73d25cc2521b000f73d25cc2521b000f73d25cc2521b000f73d25cc2521b
2026-01-20 05:16:33.838,WIN-ACCT-WS22,r.singh,1,chrome.exe,"chrome.exe",systemd,,,SHA256=00141a1ae59768b700141a1ae59768b700141a1ae59768b700141a1ae59768b7
2026-01-20 05:26:48.895,WIN-ITADMIN-03,svc-export,1,outlook.exe,"outlook.exe",launchd,,,SHA256=0021dc0fe671f6f00021dc0fe671f6f00021dc0fe671f6f00021dc0fe671f6f0
2026-01-20 05:34:57.289,WIN-ACCT-WS22,r.singh,1,slack.exe,"slack.exe",systemd,,,SHA256=0000d7467436c5a40000d7467436c5a40000d7467436c5a40000d7467436c5a4
2026-01-20 05:43:28.054,LINUX-ESXI-MGMT,svc-export,1,node,"node",launchd,,,SHA256=000f8da25ee99026000f8da25ee99026000f8da25ee99026000f8da25ee99026
2026-01-20 05:54:16.246,WIN-FS02,svc-build,1,outlook.exe,"outlook.exe",cmd.exe,,,SHA256=001fd7f65b4d9d20001fd7f65b4d9d20001fd7f65b4d9d20001fd7f65b4d9d20
2026-01-20 06:00:20.601,LINUX-BUILD-01,svc-export,1,outlook.exe,"outlook.exe",systemd,,,SHA256=001ce2304af7918b001ce2304af7918b001ce2304af7918b001ce2304af7918b
2026-01-20 06:04:16.206,LINUX-BUILD-01,a.cho,1,git,"git",explorer.exe,,,SHA256=0003c57fb8f4e90b0003c57fb8f4e90b0003c57fb8f4e90b0003c57fb8f4e90b
2026-01-20 06:11:53.927,LINUX-ESXI-MGMT,svc-export,1,outlook.exe,"outlook.exe",explorer.exe,,,SHA256=00098c532af7963f00098c532af7963f00098c532af7963f00098c532af7963f
2026-01-20 06:22:38.685,LINUX-BUILD-01,svc_backup,1,chrome.exe,"chrome.exe",explorer.exe,,,SHA256=0011645da54c9af30011645da54c9af30011645da54c9af30011645da54c9af3
2026-01-20 06:28:40.431,LINUX-BUILD-01,j.duran,1,git,"git",explorer.exe,,,SHA256=001a24367d59bb33001a24367d59bb33001a24367d59bb33001a24367d59bb33
2026-01-20 06:32:19.941,WIN-ITADMIN-03,j.duran,1,outlook.exe,"outlook.exe",cmd.exe,,,SHA256=00183a8ea79517aa00183a8ea79517aa00183a8ea79517aa00183a8ea79517aa
2026-01-20 06:42:40.279,LINUX-BUILD-01,a.cho,1,powershell.exe,"powershell.exe",systemd,,,SHA256=00232cc269bf4ade00232cc269bf4ade00232cc269bf4ade00232cc269bf4ade
2026-01-20 06:52:56.638,WIN-ITADMIN-03,iam.automation,1,powershell.exe,"powershell.exe",cmd.exe,,,SHA256=00011fb91541ea2000011fb91541ea2000011fb91541ea2000011fb91541ea20
2026-01-20 07:02:33.588,LINUX-ESXI-MGMT,svc-build,1,outlook.exe,"outlook.exe",cmd.exe,,,SHA256=0011a1c182bed6460011a1c182bed6460011a1c182bed6460011a1c182bed646
2026-01-20 07:05:29.808,K8S-PROD-01,iam.automation,1,slack.exe,"slack.exe",systemd,,,SHA256=001b8dab51a4e989001b8dab51a4e989001b8dab51a4e989001b8dab51a4e989
2026-01-20 07:12:44.949,LINUX-BUILD-01,iam.automation,1,powershell.exe,"powershell.exe",systemd,,,SHA256=000c723ea1eb172c000c723ea1eb172c000c723ea1eb172c000c723ea1eb172c
2026-01-20 07:17:29.110,WIN-ACCT-WS22,iam.automation,1,outlook.exe,"outlook.exe",explorer.exe,,,SHA256=002235f44e0c4eac002235f44e0c4eac002235f44e0c4eac002235f44e0c4eac
2026-01-20 07:28:28.860,LINUX-ESXI-MGMT,svc-build,1,git,"git",systemd,,,SHA256=002106642a753798002106642a753798002106642a753798002106642a753798
2026-01-20 07:38:40.004,WIN-ITADMIN-03,j.duran,1,outlook.exe,"outlook.exe",cmd.exe,,,SHA256=001e8c83eefb7486001e8c83eefb7486001e8c83eefb7486001e8c83eefb7486
2026-01-20 07:48:40.229,LINUX-ESXI-MGMT,j.duran,1,python3,"python3",systemd,,,SHA256=0003edac59b75a870003edac59b75a870003edac59b75a870003edac59b75a87
2026-01-20 07:53:47.078,LINUX-ESXI-MGMT,r.singh,1,chrome.exe,"chrome.exe",systemd,,,SHA256=001d2061f2294029001d2061f2294029001d2061f2294029001d2061f2294029
2026-01-20 08:02:19.773,K8S-PROD-01,svc_backup,1,python3,"python3",cmd.exe,,,SHA256=0005cfb8a7e881f20005cfb8a7e881f20005cfb8a7e881f20005cfb8a7e881f2
2026-01-20 08:05:47.393,WIN-ITADMIN-03,svc-build,1,outlook.exe,"outlook.exe",launchd,,,SHA256=001e5b9484ff6bd1001e5b9484ff6bd1001e5b9484ff6bd1001e5b9484ff6bd1
2026-01-20 08:13:59.719,WIN-ITADMIN-03,a.cho,1,chrome.exe,"chrome.exe",systemd,,,SHA256=001844874ecc2e01001844874ecc2e01001844874ecc2e01001844874ecc2e01
2026-01-20 08:16:58.351,WIN-FS02,a.cho,1,chrome.exe,"chrome.exe",launchd,,,SHA256=000dd1af1a3a3145000dd1af1a3a3145000dd1af1a3a3145000dd1af1a3a3145
2026-01-20 08:20:40.890,WIN-ACCT-WS22,r.singh,1,outlook.exe,"outlook.exe",cmd.exe,,,SHA256=0005d3184d0d518f0005d3184d0d518f0005d3184d0d518f0005d3184d0d518f
2026-01-20 08:27:45.186,LINUX-BUILD-01,svc_backup,1,python3,"python3",cmd.exe,,,SHA256=00214208683c0f7000214208683c0f7000214208683c0f7000214208683c0f70
2026-01-20 08:33:27.828,K8S-PROD-01,svc-build,1,slack.exe,"slack.exe",cmd.exe,,,SHA256=0002edd9300777df0002edd9300777df0002edd9300777df0002edd9300777df
2026-01-20 08:43:43.834,WIN-ITADMIN-03,iam.automation,1,node,"node",systemd,,,SHA256=0017f310f90ba73e0017f310f90ba73e0017f310f90ba73e0017f310f90ba73e
2026-01-20 08:50:54.276,WIN-FS02,a.cho,1,slack.exe,"slack.exe",explorer.exe,,,SHA256=0015032f5aec379f0015032f5aec379f0015032f5aec379f0015032f5aec379f
2026-01-20 08:59:55.540,K8S-PROD-01,iam.automation,1,slack.exe,"slack.exe",explorer.exe,,,SHA256=0005be69697febba0005be69697febba0005be69697febba0005be69697febba
2026-01-20 09:10:06.943,WIN-FS02,svc_backup,1,slack.exe,"slack.exe",explorer.exe,,,SHA256=0006b9fd287a4f1c0006b9fd287a4f1c0006b9fd287a4f1c0006b9fd287a4f1c
2026-01-20 09:13:00.199,WIN-ACCT-WS22,svc-build,1,sshd,"sshd",launchd,,,SHA256=0017ff177a6921680017ff177a6921680017ff177a6921680017ff177a692168
2026-01-20 09:20:21.108,LINUX-ESXI-MGMT,svc_backup,1,git,"git",cmd.exe,,,SHA256=00228750132105c600228750132105c600228750132105c600228750132105c6
2026-01-20 09:27:36.051,LINUX-BUILD-01,iam.automation,1,node,"node",cmd.exe,,,SHA256=00201bb02c8d68de00201bb02c8d68de00201bb02c8d68de00201bb02c8d68de
2026-01-20 09:30:37.243,WIN-FS02,a.cho,1,git,"git",systemd,,,SHA256=000b9a3f8085aee5000b9a3f8085aee5000b9a3f8085aee5000b9a3f8085aee5
2026-01-20 09:41:43.961,WIN-ACCT-WS22,a.cho,1,outlook.exe,"outlook.exe",launchd,,,SHA256=0022dce10b82d0a80022dce10b82d0a80022dce10b82d0a80022dce10b82d0a8
2026-01-20 09:50:53.453,K8S-PROD-01,j.duran,1,slack.exe,"slack.exe",cmd.exe,,,SHA256=0006581a3d03699c0006581a3d03699c0006581a3d03699c0006581a3d03699c
2026-01-20 09:55:35.165,WIN-ACCT-WS22,j.duran,1,sshd,"sshd",launchd,,,SHA256=000382b75d0a2a5c000382b75d0a2a5c000382b75d0a2a5c000382b75d0a2a5c
2026-01-20 10:02:04.178,LINUX-ESXI-MGMT,a.cho,1,python3,"python3",explorer.exe,,,SHA256=0005412eefac7a1d0005412eefac7a1d0005412eefac7a1d0005412eefac7a1d
2026-01-20 10:07:51.963,WIN-FS02,svc_backup,1,slack.exe,"slack.exe",launchd,,,SHA256=0006215fe0181efa0006215fe0181efa0006215fe0181efa0006215fe0181efa
2026-01-20 10:16:01.192,WIN-FS02,r.singh,1,chrome.exe,"chrome.exe",systemd,,,SHA256=000812182cbfd82c000812182cbfd82c000812182cbfd82c000812182cbfd82c
2026-01-20 10:23:11.485,WIN-ACCT-WS22,svc_backup,1,sshd,"sshd",cmd.exe,,,SHA256=000aed52298e3e88000aed52298e3e88000aed52298e3e88000aed52298e3e88
2026-01-20 10:28:28.599,WIN-FS02,iam.automation,1,powershell.exe,"powershell.exe",systemd,,,SHA256=001dcf34d1cfced9001dcf34d1cfced9001dcf34d1cfced9001dcf34d1cfced9
2026-01-20 10:31:53.265,WIN-ITADMIN-03,svc_backup,1,powershell.exe,"powershell.exe",launchd,,,SHA256=000165d7b07706ed000165d7b07706ed000165d7b07706ed000165d7b07706ed
2026-01-20 10:39:49.110,LINUX-BUILD-01,svc-build,1,slack.exe,"slack.exe",explorer.exe,,,SHA256=000d9d0f2fd2c977000d9d0f2fd2c977000d9d0f2fd2c977000d9d0f2fd2c977
2026-01-20 10:45:51.993,LINUX-BUILD-01,svc_backup,1,git,"git",launchd,,,SHA256=0014e5248eab1e0d0014e5248eab1e0d0014e5248eab1e0d0014e5248eab1e0d
2026-01-20 10:56:14.549,WIN-FS02,svc-export,1,git,"git",launchd,,,SHA256=00166faa80d1a9e200166faa80d1a9e200166faa80d1a9e200166faa80d1a9e2
2026-01-20 10:59:07.439,WIN-FS02,r.singh,1,powershell.exe,"powershell.exe",launchd,,,SHA256=0015af95a4fd3b240015af95a4fd3b240015af95a4fd3b240015af95a4fd3b24
2026-01-20 11:07:59.131,WIN-FS02,iam.automation,1,powershell.exe,"powershell.exe",cmd.exe,,,SHA256=0014ac01aa3943f10014ac01aa3943f10014ac01aa3943f10014ac01aa3943f1
2026-01-20 11:16:44.167,LINUX-BUILD-01,iam.automation,1,slack.exe,"slack.exe",explorer.exe,,,SHA256=0006737dd9cb7b650006737dd9cb7b650006737dd9cb7b650006737dd9cb7b65
2026-01-20 11:20:49.701,WIN-ITADMIN-03,iam.automation,1,outlook.exe,"outlook.exe",launchd,,,SHA256=00165592ceadda3800165592ceadda3800165592ceadda3800165592ceadda38
2026-01-20 11:27:04.272,LINUX-ESXI-MGMT,iam.automation,1,python3,"python3",systemd,,,SHA256=002358096b2b1dd4002358096b2b1dd4002358096b2b1dd4002358096b2b1dd4
2026-01-20 11:31:12.722,WIN-ITADMIN-03,a.cho,1,node,"node",systemd,,,SHA256=0005b4a0c7c8b8010005b4a0c7c8b8010005b4a0c7c8b8010005b4a0c7c8b801
2026-01-20 11:40:17.021,WIN-ITADMIN-03,svc-export,1,sshd,"sshd",explorer.exe,,,SHA256=00005a00d79ce26300005a00d79ce26300005a00d79ce26300005a00d79ce263
2026-01-20 11:49:53.467,WIN-FS02,svc_backup,1,chrome.exe,"chrome.exe",systemd,,,SHA256=00218d06e4f5448c00218d06e4f5448c00218d06e4f5448c00218d06e4f5448c
2026-01-20 11:55:59.876,WIN-ITADMIN-03,iam.automation,1,sshd,"sshd",explorer.exe,,,SHA256=00014b90d5c2884b00014b90d5c2884b00014b90d5c2884b00014b90d5c2884b
2026-01-20 12:06:08.442,LINUX-ESXI-MGMT,r.singh,1,git,"git",launchd,,,SHA256=00201cb3af772b8400201cb3af772b8400201cb3af772b8400201cb3af772b84
2026-01-20 12:11:26.033,LINUX-ESXI-MGMT,iam.automation,1,slack.exe,"slack.exe",systemd,,,SHA256=00230d273e4227ac00230d273e4227ac00230d273e4227ac00230d273e4227ac
2026-01-20 12:17:07.748,WIN-ACCT-WS22,r.singh,1,sshd,"sshd",systemd,,,SHA256=00057ba6367876c200057ba6367876c200057ba6367876c200057ba6367876c2
2026-01-20 12:20:04.200,WIN-ITADMIN-03,iam.automation,1,powershell.exe,"powershell.exe",explorer.exe,,,SHA256=001bbabfc6f56266001bbabfc6f56266001bbabfc6f56266001bbabfc6f56266
2026-01-20 12:25:09.655,WIN-ACCT-WS22,a.cho,1,node,"node",systemd,,,SHA256=000e3c321c05b547000e3c321c05b547000e3c321c05b547000e3c321c05b547
2026-01-20 12:28:16.993,WIN-ACCT-WS22,svc_backup,1,python3,"python3",explorer.exe,,,SHA256=0004f792c30fa8370004f792c30fa8370004f792c30fa8370004f792c30fa837
2026-01-20 12:39:05.350,WIN-FS02,svc-export,1,python3,"python3",launchd,,,SHA256=00021dee62a38b7600021dee62a38b7600021dee62a38b7600021dee62a38b76
2026-01-20 12:46:14.949,WIN-FS02,svc-export,1,python3,"python3",launchd,,,SHA256=001ac11889120a18001ac11889120a18001ac11889120a18001ac11889120a18
2026-01-20 12:56:17.392,LINUX-ESXI-MGMT,svc-export,1,slack.exe,"slack.exe",launchd,,,SHA256=001961bf43e64892001961bf43e64892001961bf43e64892001961bf43e64892
2026-01-20 12:59:43.750,LINUX-BUILD-01,iam.automation,1,powershell.exe,"powershell.exe",systemd,,,SHA256=00137552d7e158d300137552d7e158d300137552d7e158d300137552d7e158d3
2026-01-20 13:03:11.056,K8S-PROD-01,svc-export,1,python3,"python3",cmd.exe,,,SHA256=001b19467e3c5d77001b19467e3c5d77001b19467e3c5d77001b19467e3c5d77
2026-01-20 13:11:12.921,LINUX-BUILD-01,svc-export,1,chrome.exe,"chrome.exe",launchd,,,SHA256=0001df828dcd8ae70001df828dcd8ae70001df828dcd8ae70001df828dcd8ae7
2026-01-20 13:17:23.380,WIN-ITADMIN-03,a.cho,1,slack.exe,"slack.exe",launchd,,,SHA256=000cfb37183cd09a000cfb37183cd09a000cfb37183cd09a000cfb37183cd09a
2026-01-20 13:28:14.866,K8S-PROD-01,j.duran,1,git,"git",cmd.exe,,,SHA256=000313f9c8a7a5a0000313f9c8a7a5a0000313f9c8a7a5a0000313f9c8a7a5a0
2026-01-20 13:31:10.343,WIN-FS02,svc_backup,1,chrome.exe,"chrome.exe",systemd,,,SHA256=000203ffde110b43000203ffde110b43000203ffde110b43000203ffde110b43
2026-01-20 13:39:33.726,LINUX-BUILD-01,r.singh,1,sshd,"sshd",cmd.exe,,,SHA256=00090eedcad0a57000090eedcad0a57000090eedcad0a57000090eedcad0a570
2026-01-20 13:42:58.214,LINUX-ESXI-MGMT,svc-build,1,node,"node",systemd,,,SHA256=001639a9635a9c0c001639a9635a9c0c001639a9635a9c0c001639a9635a9c0c
2026-01-20 13:52:04.181,LINUX-ESXI-MGMT,svc-export,1,node,"node",cmd.exe,,,SHA256=00233b478ed5219200233b478ed5219200233b478ed5219200233b478ed52192
2026-01-20 13:56:20.774,WIN-FS02,svc-build,1,git,"git",cmd.exe,,,SHA256=00047823b2d9ca9400047823b2d9ca9400047823b2d9ca9400047823b2d9ca94
2026-01-20 14:04:30.939,WIN-ITADMIN-03,j.duran,1,git,"git",cmd.exe,,,SHA256=000494d1520da6e0000494d1520da6e0000494d1520da6e0000494d1520da6e0
2026-01-20 14:12:49.698,LINUX-BUILD-01,svc-build,1,python3,"python3",explorer.exe,,,SHA256=00047c236d1a188700047c236d1a188700047c236d1a188700047c236d1a1887
2026-01-20 14:24:00.279,LINUX-BUILD-01,r.singh,1,node,"node",explorer.exe,,,SHA256=00082888e48505f300082888e48505f300082888e48505f300082888e48505f3
2026-01-20 14:34:41.032,WIN-ITADMIN-03,j.duran,1,outlook.exe,"outlook.exe",launchd,,,SHA256=0013df2a4b790bd10013df2a4b790bd10013df2a4b790bd10013df2a4b790bd1
2026-01-20 14:43:25.637,WIN-ACCT-WS22,svc_backup,1,sshd,"sshd",explorer.exe,,,SHA256=0005ece262eb107c0005ece262eb107c0005ece262eb107c0005ece262eb107c
2026-01-20 14:51:46.329,WIN-ITADMIN-03,r.singh,1,outlook.exe,"outlook.exe",cmd.exe,,,SHA256=001ba1102f71de20001ba1102f71de20001ba1102f71de20001ba1102f71de20
2026-01-20 14:56:09.859,LINUX-ESXI-MGMT,a.cho,1,sshd,"sshd",systemd,,,SHA256=0018528c0d8281e00018528c0d8281e00018528c0d8281e00018528c0d8281e0
2026-01-20 15:06:12.609,WIN-ITADMIN-03,a.cho,1,node,"node",launchd,,,SHA256=0018166407f0ed9a0018166407f0ed9a0018166407f0ed9a0018166407f0ed9a
2026-01-20 15:17:17.354,WIN-ACCT-WS22,j.duran,1,python3,"python3",systemd,,,SHA256=0020dfcf67f40f180020dfcf67f40f180020dfcf67f40f180020dfcf67f40f18
2026-01-20 15:25:40.953,WIN-FS02,svc_backup,1,python3,"python3",launchd,,,SHA256=0000108231660add0000108231660add0000108231660add0000108231660add
2026-01-20 15:31:50.021,LINUX-BUILD-01,svc_backup,1,chrome.exe,"chrome.exe",launchd,,,SHA256=00058b7290c5d9c900058b7290c5d9c900058b7290c5d9c900058b7290c5d9c9
2026-01-20 15:35:49.167,LINUX-ESXI-MGMT,iam.automation,1,slack.exe,"slack.exe",launchd,,,SHA256=00061fa92fc3003e00061fa92fc3003e00061fa92fc3003e00061fa92fc3003e
2026-01-20 15:43:31.441,LINUX-ESXI-MGMT,svc-export,1,slack.exe,"slack.exe",explorer.exe,,,SHA256=000669bb0fd3c2a1000669bb0fd3c2a1000669bb0fd3c2a1000669bb0fd3c2a1
2026-01-20 15:46:09.562,K8S-PROD-01,svc_backup,1,sshd,"sshd",launchd,,,SHA256=0009d6c290b6ee3d0009d6c290b6ee3d0009d6c290b6ee3d0009d6c290b6ee3d
2026-01-20 15:51:44.449,LINUX-ESXI-MGMT,svc-build,1,outlook.exe,"outlook.exe",cmd.exe,,,SHA256=00060426381156f300060426381156f300060426381156f300060426381156f3
2026-01-20 15:59:48.535,WIN-FS02,j.duran,1,node,"node",explorer.exe,,,SHA256=0001ec358b3c59460001ec358b3c59460001ec358b3c59460001ec358b3c5946
2026-01-20 16:04:17.829,WIN-ACCT-WS22,svc-export,1,powershell.exe,"powershell.exe",explorer.exe,,,SHA256=001fc3d4bea75595001fc3d4bea75595001fc3d4bea75595001fc3d4bea75595
2026-01-20 16:12:00.256,WIN-ITADMIN-03,iam.automation,1,powershell.exe,"powershell.exe",explorer.exe,,,SHA256=00235bfff2ea04ae00235bfff2ea04ae00235bfff2ea04ae00235bfff2ea04ae
2026-01-20 16:18:58.504,WIN-FS02,svc_backup,1,git,"git",systemd,,,SHA256=0015453e7e0c06f80015453e7e0c06f80015453e7e0c06f80015453e7e0c06f8
2026-01-20 16:24:22.381,WIN-FS02,svc-build,1,powershell.exe,"powershell.exe",systemd,,,SHA256=0020acd8706af6ea0020acd8706af6ea0020acd8706af6ea0020acd8706af6ea
2026-01-20 16:33:36.201,WIN-ITADMIN-03,j.duran,1,python3,"python3",systemd,,,SHA256=00234797aec9e48800234797aec9e48800234797aec9e48800234797aec9e488
2026-01-20 16:37:47.362,LINUX-BUILD-01,a.cho,1,git,"git",launchd,,,SHA256=00167ba196c9431300167ba196c9431300167ba196c9431300167ba196c94313
2026-01-20 16:41:48.223,WIN-FS02,r.singh,1,node,"node",launchd,,,SHA256=0003a84725ee4b430003a84725ee4b430003a84725ee4b430003a84725ee4b43
2026-01-20 16:48:18.521,LINUX-BUILD-01,j.duran,1,sshd,"sshd",cmd.exe,,,SHA256=0012b55e233e73990012b55e233e73990012b55e233e73990012b55e233e7399
2026-01-20 16:53:22.564,LINUX-BUILD-01,svc-build,1,outlook.exe,"outlook.exe",explorer.exe,,,SHA256=002225c8783e359e002225c8783e359e002225c8783e359e002225c8783e359e
2026-01-20 17:04:45.700,LINUX-ESXI-MGMT,j.duran,1,slack.exe,"slack.exe",explorer.exe,,,SHA256=00083cb8988fb24500083cb8988fb24500083cb8988fb24500083cb8988fb245
2026-01-20 17:15:38.225,LINUX-ESXI-MGMT,svc-export,1,chrome.exe,"chrome.exe",launchd,,,SHA256=000d43831d3e3897000d43831d3e3897000d43831d3e3897000d43831d3e3897
2026-01-20 17:24:10.904,LINUX-BUILD-01,svc-build,1,sshd,"sshd",systemd,,,SHA256=001838aae65e0974001838aae65e0974001838aae65e0974001838aae65e0974
2026-01-20 17:31:52.241,LINUX-ESXI-MGMT,svc-build,1,sshd,"sshd",launchd,,,SHA256=0008a7ba55d940160008a7ba55d940160008a7ba55d940160008a7ba55d94016
2026-01-20 17:39:20.018,WIN-FS02,svc-export,1,slack.exe,"slack.exe",explorer.exe,,,SHA256=0006f3fbeabb5a900006f3fbeabb5a900006f3fbeabb5a900006f3fbeabb5a90
2026-01-20 17:45:23.522,WIN-ITADMIN-03,svc_backup,1,sshd,"sshd",launchd,,,SHA256=0006e6e98b0dc6870006e6e98b0dc6870006e6e98b0dc6870006e6e98b0dc687
2026-01-20 17:52:12.240,WIN-FS02,r.singh,1,node,"node",explorer.exe,,,SHA256=000fbdbfb25ce5d0000fbdbfb25ce5d0000fbdbfb25ce5d0000fbdbfb25ce5d0
2026-01-20 18:00:34.255,LINUX-BUILD-01,svc-export,1,sshd,"sshd",launchd,,,SHA256=001077e803bf83bc001077e803bf83bc001077e803bf83bc001077e803bf83bc
2026-01-20 18:10:24.575,WIN-ACCT-WS22,j.duran,1,git,"git",explorer.exe,,,SHA256=000e14c7610e7f33000e14c7610e7f33000e14c7610e7f33000e14c7610e7f33
2026-01-20 18:15:30.238,LINUX-BUILD-01,iam.automation,1,outlook.exe,"outlook.exe",systemd,,,SHA256=000b3c40378fcefd000b3c40378fcefd000b3c40378fcefd000b3c40378fcefd
2026-01-20 18:20:04.287,WIN-ACCT-WS22,a.cho,1,python3,"python3",explorer.exe,,,SHA256=00167b557d25ccba00167b557d25ccba00167b557d25ccba00167b557d25ccba
2026-01-20 18:29:52.127,WIN-FS02,j.duran,1,chrome.exe,"chrome.exe",cmd.exe,,,SHA256=001009abaae63073001009abaae63073001009abaae63073001009abaae63073
2026-01-20 18:39:47.882,WIN-FS02,svc-export,1,sshd,"sshd",launchd,,,SHA256=00151c467e7d29e300151c467e7d29e300151c467e7d29e300151c467e7d29e3
2026-01-20 18:49:50.231,WIN-ITADMIN-03,iam.automation,1,powershell.exe,"powershell.exe",launchd,,,SHA256=0005065500b0ddb60005065500b0ddb60005065500b0ddb60005065500b0ddb6
2026-01-20 18:53:00.797,WIN-FS02,r.singh,1,chrome.exe,"chrome.exe",systemd,,,SHA256=00179610c64b0c6c00179610c64b0c6c00179610c64b0c6c00179610c64b0c6c
2026-01-20 19:03:46.076,WIN-ACCT-WS22,svc-build,1,sshd,"sshd",systemd,,,SHA256=0003162f45691db30003162f45691db30003162f45691db30003162f45691db3
2026-01-20 19:08:57.598,WIN-FS02,a.cho,1,node,"node",systemd,,,SHA256=00060fd89646064700060fd89646064700060fd89646064700060fd896460647
2026-01-20 19:15:44.625,LINUX-BUILD-01,svc-build,1,slack.exe,"slack.exe",launchd,,,SHA256=0007e0987841cfc20007e0987841cfc20007e0987841cfc20007e0987841cfc2
2026-01-20 19:24:18.117,WIN-ACCT-WS22,a.cho,1,sshd,"sshd",explorer.exe,,,SHA256=00181b9d1507c0db00181b9d1507c0db00181b9d1507c0db00181b9d1507c0db
2026-01-20 19:26:51.629,WIN-ACCT-WS22,svc-build,1,outlook.exe,"outlook.exe",systemd,,,SHA256=0021db383ea992060021db383ea992060021db383ea992060021db383ea99206
2026-01-20 19:38:20.586,WIN-FS02,j.duran,1,node,"node",systemd,,,SHA256=000623858f798d7c000623858f798d7c000623858f798d7c000623858f798d7c
2026-01-20 19:48:31.244,K8S-PROD-01,r.singh,1,outlook.exe,"outlook.exe",cmd.exe,,,SHA256=001439a14e2a4307001439a14e2a4307001439a14e2a4307001439a14e2a4307
2026-01-20 19:57:28.443,WIN-FS02,svc-export,1,slack.exe,"slack.exe",cmd.exe,,,SHA256=0023831ce9ea672c0023831ce9ea672c0023831ce9ea672c0023831ce9ea672c
2026-01-20 20:01:49.636,WIN-ACCT-WS22,a.cho,1,outlook.exe,"outlook.exe",cmd.exe,,,SHA256=001c86f6fff2da8c001c86f6fff2da8c001c86f6fff2da8c001c86f6fff2da8c
2026-01-20 20:12:33.121,LINUX-BUILD-01,svc_backup,1,node,"node",explorer.exe,,,SHA256=0017d7e23ca881910017d7e23ca881910017d7e23ca881910017d7e23ca88191
2026-01-20 20:16:30.960,K8S-PROD-01,svc_backup,1,outlook.exe,"outlook.exe",launchd,,,SHA256=001bb2472528d5bc001bb2472528d5bc001bb2472528d5bc001bb2472528d5bc
2026-01-20 20:21:30.738,LINUX-ESXI-MGMT,iam.automation,1,python3,"python3",systemd,,,SHA256=001fc0d303aac137001fc0d303aac137001fc0d303aac137001fc0d303aac137
2026-01-20 20:32:42.691,LINUX-ESXI-MGMT,j.duran,1,node,"node",systemd,,,SHA256=001dd4d8b4f7b276001dd4d8b4f7b276001dd4d8b4f7b276001dd4d8b4f7b276
2026-01-20 20:37:36.259,WIN-ITADMIN-03,r.singh,1,node,"node",explorer.exe,,,SHA256=000f40055600b909000f40055600b909000f40055600b909000f40055600b909
2026-01-20 20:47:07.936,WIN-ITADMIN-03,svc-export,1,git,"git",systemd,,,SHA256=00225a62626035f000225a62626035f000225a62626035f000225a62626035f0
2026-01-20 20:58:14.296,WIN-ACCT-WS22,iam.automation,1,chrome.exe,"chrome.exe",explorer.exe,,,SHA256=001708ceb62f090c001708ceb62f090c001708ceb62f090c001708ceb62f090c
2026-01-20 21:06:12.957,K8S-PROD-01,r.singh,1,node,"node",explorer.exe,,,SHA256=001cadae5e4f7a8d001cadae5e4f7a8d001cadae5e4f7a8d001cadae5e4f7a8d
2026-01-20 21:11:31.357,LINUX-BUILD-01,a.cho,1,git,"git",cmd.exe,,,SHA256=001f7d71f55a3a5e001f7d71f55a3a5e001f7d71f55a3a5e001f7d71f55a3a5e
2026-01-20 21:15:58.785,WIN-ACCT-WS22,svc-export,1,python3,"python3",systemd,,,SHA256=00123659a86e010200123659a86e010200123659a86e010200123659a86e0102
2026-01-20 21:26:09.972,WIN-ACCT-WS22,iam.automation,1,outlook.exe,"outlook.exe",explorer.exe,,,SHA256=002216ecb53a746c002216ecb53a746c002216ecb53a746c002216ecb53a746c
2026-01-20 21:30:16.402,LINUX-BUILD-01,svc-build,1,outlook.exe,"outlook.exe",systemd,,,SHA256=001fcf277d4640ab001fcf277d4640ab001fcf277d4640ab001fcf277d4640ab
2026-01-20 21:41:30.751,WIN-FS02,svc_backup,1,powershell.exe,"powershell.exe",explorer.exe,,,SHA256=001010b577a6a77a001010b577a6a77a001010b577a6a77a001010b577a6a77a
2026-01-20 21:47:25.629,WIN-ACCT-WS22,r.singh,1,git,"git",launchd,,,SHA256=0016372b9c9173280016372b9c9173280016372b9c9173280016372b9c917328
2026-01-20 21:53:04.058,WIN-ACCT-WS22,j.duran,1,python3,"python3",systemd,,,SHA256=0016831ec286084e0016831ec286084e0016831ec286084e0016831ec286084e
2026-01-20 22:01:08.436,WIN-ACCT-WS22,svc-export,1,sshd,"sshd",cmd.exe,,,SHA256=00103527fb75973e00103527fb75973e00103527fb75973e00103527fb75973e
2026-01-20 22:05:58.593,K8S-PROD-01,svc_backup,1,outlook.exe,"outlook.exe",explorer.exe,,,SHA256=0004109bee97f93d0004109bee97f93d0004109bee97f93d0004109bee97f93d
2026-01-20 22:09:48.069,WIN-ITADMIN-03,iam.automation,1,node,"node",cmd.exe,,,SHA256=00195f7c9857e6eb00195f7c9857e6eb00195f7c9857e6eb00195f7c9857e6eb
2026-01-20 22:18:29.829,WIN-FS02,svc-build,1,python3,"python3",systemd,,,SHA256=0015598dbd4bbc5b0015598dbd4bbc5b0015598dbd4bbc5b0015598dbd4bbc5b
2026-01-20 22:23:15.960,LINUX-BUILD-01,r.singh,1,node,"node",systemd,,,SHA256=0012f59a5c6d3cca0012f59a5c6d3cca0012f59a5c6d3cca0012f59a5c6d3cca
2026-01-20 22:30:36.843,LINUX-BUILD-01,svc-build,1,slack.exe,"slack.exe",explorer.exe,,,SHA256=000cbd0a676a8afc000cbd0a676a8afc000cbd0a676a8afc000cbd0a676a8afc
2026-01-20 22:35:29.059,WIN-ITADMIN-03,svc_backup,1,chrome.exe,"chrome.exe",cmd.exe,,,SHA256=0014690584db24a80014690584db24a80014690584db24a80014690584db24a8
2026-01-20 22:41:31.732,LINUX-BUILD-01,r.singh,1,powershell.exe,"powershell.exe",launchd,,,SHA256=00089553f6b5ee7000089553f6b5ee7000089553f6b5ee7000089553f6b5ee70
2026-01-20 22:49:10.816,LINUX-ESXI-MGMT,svc_backup,1,sshd,"sshd",launchd,,,SHA256=00074945dbe1936500074945dbe1936500074945dbe1936500074945dbe19365
2026-01-20 22:56:51.413,WIN-ITADMIN-03,svc-export,1,powershell.exe,"powershell.exe",systemd,,,SHA256=000e39e9d41d75ff000e39e9d41d75ff000e39e9d41d75ff000e39e9d41d75ff
2026-01-20 23:04:09.685,LINUX-ESXI-MGMT,svc_backup,1,outlook.exe,"outlook.exe",cmd.exe,,,SHA256=000db2d06189820e000db2d06189820e000db2d06189820e000db2d06189820e
2026-01-20 23:10:57.237,K8S-PROD-01,svc_backup,1,node,"node",explorer.exe,,,SHA256=0000df11e7c126200000df11e7c126200000df11e7c126200000df11e7c12620
2026-01-20 23:16:39.645,WIN-ACCT-WS22,iam.automation,1,sshd,"sshd",launchd,,,SHA256=001a22ea94ede83b001a22ea94ede83b001a22ea94ede83b001a22ea94ede83b
2026-01-20 23:22:53.473,K8S-PROD-01,iam.automation,1,outlook.exe,"outlook.exe",cmd.exe,,,SHA256=0019f91506da3d000019f91506da3d000019f91506da3d000019f91506da3d00
2026-01-20 23:28:27.850,LINUX-BUILD-01,iam.automation,1,powershell.exe,"powershell.exe",cmd.exe,,,SHA256=0012862755f9d1a50012862755f9d1a50012862755f9d1a50012862755f9d1a5
2026-01-20 23:35:11.344,WIN-FS02,svc_backup,1,sshd,"sshd",systemd,,,SHA256=001049e4eb062832001049e4eb062832001049e4eb062832001049e4eb062832
2026-01-20 23:38:25.153,K8S-PROD-01,r.singh,1,outlook.exe,"outlook.exe",systemd,,,SHA256=00135e8a46998b0a00135e8a46998b0a00135e8a46998b0a00135e8a46998b0a
2026-01-20 23:41:30.912,LINUX-BUILD-01,j.duran,1,chrome.exe,"chrome.exe",explorer.exe,,,SHA256=00229bb64183c7b200229bb64183c7b200229bb64183c7b200229bb64183c7b2
2026-01-20 23:48:15.872,K8S-PROD-01,a.cho,1,powershell.exe,"powershell.exe",systemd,,,SHA256=00062b43df0a224300062b43df0a224300062b43df0a224300062b43df0a2243
2026-01-20 23:53:08.750,WIN-FS02,r.singh,1,powershell.exe,"powershell.exe",systemd,,,SHA256=000ca39749af5a1d000ca39749af5a1d000ca39749af5a1d000ca39749af5a1d
2026-01-21 00:01:33.784,WIN-FS02,r.singh,1,chrome.exe,"chrome.exe",explorer.exe,,,SHA256=002313ce70b3b5a4002313ce70b3b5a4002313ce70b3b5a4002313ce70b3b5a4
2026-01-21 00:04:04.952,WIN-ITADMIN-03,svc_backup,1,chrome.exe,"chrome.exe",explorer.exe,,,SHA256=0001fbb567b3ae340001fbb567b3ae340001fbb567b3ae340001fbb567b3ae34
2026-01-21 00:08:51.978,K8S-PROD-01,svc-export,1,git,"git",cmd.exe,,,SHA256=001bf76cb5cf4e96001bf76cb5cf4e96001bf76cb5cf4e96001bf76cb5cf4e96
2026-01-21 00:18:18.662,WIN-ACCT-WS22,svc-export,1,powershell.exe,"powershell.exe",explorer.exe,,,SHA256=000e81b83a1f7591000e81b83a1f7591000e81b83a1f7591000e81b83a1f7591
2026-01-21 00:25:04.792,LINUX-BUILD-01,svc-export,1,slack.exe,"slack.exe",explorer.exe,,,SHA256=002172b62e704372002172b62e704372002172b62e704372002172b62e704372
2026-01-21 00:31:46.922,LINUX-ESXI-MGMT,j.duran,1,node,"node",systemd,,,SHA256=00186b1bb2a7d4a300186b1bb2a7d4a300186b1bb2a7d4a300186b1bb2a7d4a3
2026-01-21 00:34:20.712,LINUX-BUILD-01,j.duran,1,python3,"python3",explorer.exe,,,SHA256=000af34053c75ca0000af34053c75ca0000af34053c75ca0000af34053c75ca0
2026-01-21 00:40:17.277,LINUX-BUILD-01,a.cho,1,powershell.exe,"powershell.exe",systemd,,,SHA256=0002b83e933d8bef0002b83e933d8bef0002b83e933d8bef0002b83e933d8bef
2026-01-21 00:49:35.727,K8S-PROD-01,r.singh,1,outlook.exe,"outlook.exe",cmd.exe,,,SHA256=0007b57c89d938ee0007b57c89d938ee0007b57c89d938ee0007b57c89d938ee
2026-01-21 00:57:30.185,WIN-FS02,j.duran,1,python3,"python3",explorer.exe,,,SHA256=0005ac610b8e56880005ac610b8e56880005ac610b8e56880005ac610b8e5688
2026-01-21 01:07:17.245,WIN-ACCT-WS22,j.duran,1,git,"git",systemd,,,SHA256=0008b201aee4ad340008b201aee4ad340008b201aee4ad340008b201aee4ad34
2026-01-21 01:12:02.913,K8S-PROD-01,j.duran,1,outlook.exe,"outlook.exe",explorer.exe,,,SHA256=001c1405e13359ce001c1405e13359ce001c1405e13359ce001c1405e13359ce
2026-01-21 01:16:39.326,WIN-ITADMIN-03,j.duran,1,outlook.exe,"outlook.exe",systemd,,,SHA256=001b5b4c7aca1b27001b5b4c7aca1b27001b5b4c7aca1b27001b5b4c7aca1b27
2026-01-21 01:22:32.226,LINUX-BUILD-01,iam.automation,1,outlook.exe,"outlook.exe",systemd,,,SHA256=001008e37410c264001008e37410c264001008e37410c264001008e37410c264
2026-01-21 01:30:10.593,K8S-PROD-01,j.duran,1,sshd,"sshd",systemd,,,SHA256=00132c3a4398fb7c00132c3a4398fb7c00132c3a4398fb7c00132c3a4398fb7c
2026-01-21 01:36:08.796,WIN-ACCT-WS22,r.singh,1,sshd,"sshd",launchd,,,SHA256=001070f14f4eea76001070f14f4eea76001070f14f4eea76001070f14f4eea76
2026-01-21 01:39:46.808,WIN-FS02,svc-export,1,git,"git",launchd,,,SHA256=001a090662b0173f001a090662b0173f001a090662b0173f001a090662b0173f
2026-01-21 01:45:21.889,WIN-FS02,svc-build,1,sshd,"sshd",explorer.exe,,,SHA256=0017047e5639a52b0017047e5639a52b0017047e5639a52b0017047e5639a52b
2026-01-21 01:51:40.743,LINUX-ESXI-MGMT,svc-export,1,git,"git",systemd,,,SHA256=00091abd48722c7400091abd48722c7400091abd48722c7400091abd48722c74
2026-01-21 01:59:08.504,LINUX-ESXI-MGMT,svc-export,1,outlook.exe,"outlook.exe",explorer.exe,,,SHA256=000b3d9791dc8b66000b3d9791dc8b66000b3d9791dc8b66000b3d9791dc8b66
2026-01-21 02:05:32.574,K8S-PROD-01,r.singh,1,outlook.exe,"outlook.exe",cmd.exe,,,SHA256=000914155061f9ee000914155061f9ee000914155061f9ee000914155061f9ee
2026-01-21 02:09:46.777,WIN-ACCT-WS22,r.singh,1,outlook.exe,"outlook.exe",explorer.exe,,,SHA256=0017f7b8649165c30017f7b8649165c30017f7b8649165c30017f7b8649165c3
2026-01-21 02:16:04.678,WIN-ACCT-WS22,svc-build,1,python3,"python3",explorer.exe,,,SHA256=0002b6424c44ee6e0002b6424c44ee6e0002b6424c44ee6e0002b6424c44ee6e
2026-01-21 02:27:29.069,LINUX-ESXI-MGMT,a.cho,1,powershell.exe,"powershell.exe",launchd,,,SHA256=0000c5bd55e10fcf0000c5bd55e10fcf0000c5bd55e10fcf0000c5bd55e10fcf
2026-01-21 02:34:55.316,WIN-FS02,j.duran,1,sshd,"sshd",systemd,,,SHA256=0005b355c0bcf6fe0005b355c0bcf6fe0005b355c0bcf6fe0005b355c0bcf6fe
2026-01-21 02:38:35.805,K8S-PROD-01,a.cho,1,slack.exe,"slack.exe",launchd,,,SHA256=000c21610e62708a000c21610e62708a000c21610e62708a000c21610e62708a
2026-01-21 02:46:06.321,LINUX-ESXI-MGMT,svc_backup,1,sshd,"sshd",systemd,,,SHA256=0015b1e8a05f288e0015b1e8a05f288e0015b1e8a05f288e0015b1e8a05f288e
2026-01-21 02:57:06.734,LINUX-BUILD-01,svc_backup,1,chrome.exe,"chrome.exe",explorer.exe,,,SHA256=0005479c820764190005479c820764190005479c820764190005479c82076419
2026-01-21 03:01:10.537,LINUX-BUILD-01,j.duran,1,sshd,"sshd",systemd,,,SHA256=000e86aeea4d40ce000e86aeea4d40ce000e86aeea4d40ce000e86aeea4d40ce
2026-01-21 03:04:11.914,K8S-PROD-01,svc-export,1,slack.exe,"slack.exe",launchd,,,SHA256=0018e03e966bb2cf0018e03e966bb2cf0018e03e966bb2cf0018e03e966bb2cf
2026-01-21 03:07:25.373,WIN-FS02,svc_backup,1,slack.exe,"slack.exe",cmd.exe,,,SHA256=00128c6d4dc63a4d00128c6d4dc63a4d00128c6d4dc63a4d00128c6d4dc63a4d
2026-01-21 03:10:00.366,WIN-FS02,iam.automation,1,outlook.exe,"outlook.exe",explorer.exe,,,SHA256=0021078d7b76715c0021078d7b76715c0021078d7b76715c0021078d7b76715c
2026-01-21 03:17:29.465,LINUX-BUILD-01,svc-export,1,sshd,"sshd",systemd,,,SHA256=000d834373846fd2000d834373846fd2000d834373846fd2000d834373846fd2
2026-01-21 03:25:09.930,LINUX-BUILD-01,svc_backup,1,git,"git",cmd.exe,,,SHA256=0019642bbdba66560019642bbdba66560019642bbdba66560019642bbdba6656
2026-01-21 03:29:00.063,WIN-ACCT-WS22,a.cho,1,python3,"python3",cmd.exe,,,SHA256=001061c234070af9001061c234070af9001061c234070af9001061c234070af9
2026-01-21 03:33:57.523,K8S-PROD-01,r.singh,1,slack.exe,"slack.exe",explorer.exe,,,SHA256=000bf6e9bdd250e7000bf6e9bdd250e7000bf6e9bdd250e7000bf6e9bdd250e7
2026-01-21 03:36:39.383,K8S-PROD-01,svc-export,1,node,"node",cmd.exe,,,SHA256=00224439937dba1000224439937dba1000224439937dba1000224439937dba10
2026-01-21 03:46:14.590,LINUX-ESXI-MGMT,iam.automation,1,git,"git",systemd,,,SHA256=0008a30fcff62cd60008a30fcff62cd60008a30fcff62cd60008a30fcff62cd6
2026-01-21 03:55:38.801,LINUX-ESXI-MGMT,svc_backup,1,sshd,"sshd",explorer.exe,,,SHA256=001ce9a9148be931001ce9a9148be931001ce9a9148be931001ce9a9148be931
2026-01-21 04:00:48.182,WIN-FS02,iam.automation,1,node,"node",launchd,,,SHA256=0010acadb431cfbb0010acadb431cfbb0010acadb431cfbb0010acadb431cfbb
2026-01-21 04:11:00.362,LINUX-BUILD-01,svc-export,1,powershell.exe,"powershell.exe",cmd.exe,,,SHA256=001088871f47faa2001088871f47faa2001088871f47faa2001088871f47faa2
2026-01-21 04:21:53.722,LINUX-ESXI-MGMT,iam.automation,1,outlook.exe,"outlook.exe",cmd.exe,,,SHA256=000bd32b23567b7c000bd32b23567b7c000bd32b23567b7c000bd32b23567b7c
2026-01-21 04:24:55.745,K8S-PROD-01,a.cho,1,git,"git",systemd,,,SHA256=000953f398bf3a6b000953f398bf3a6b000953f398bf3a6b000953f398bf3a6b
2026-01-21 04:35:21.122,WIN-FS02,iam.automation,1,slack.exe,"slack.exe",cmd.exe,,,SHA256=000917043872420e000917043872420e000917043872420e000917043872420e
2026-01-21 04:41:53.402,WIN-ACCT-WS22,r.singh,1,git,"git",explorer.exe,,,SHA256=000b4ce87fc58937000b4ce87fc58937000b4ce87fc58937000b4ce87fc58937
2026-01-21 04:51:41.578,K8S-PROD-01,r.singh,1,node,"node",explorer.exe,,,SHA256=001d6ab80c415669001d6ab80c415669001d6ab80c415669001d6ab80c415669
2026-01-21 05:01:45.263,WIN-ACCT-WS22,svc_backup,1,slack.exe,"slack.exe",cmd.exe,,,SHA256=0005a52481bffa6f0005a52481bffa6f0005a52481bffa6f0005a52481bffa6f
2026-01-21 05:10:17.956,WIN-ITADMIN-03,j.duran,1,powershell.exe,"powershell.exe",explorer.exe,,,SHA256=00109a5b1283a6ca00109a5b1283a6ca00109a5b1283a6ca00109a5b1283a6ca
2026-01-21 05:19:54.975,WIN-FS02,a.cho,1,sshd,"sshd",systemd,,,SHA256=0015f711d50de1940015f711d50de1940015f711d50de1940015f711d50de194
2026-01-21 05:22:47.327,LINUX-BUILD-01,r.singh,1,node,"node",launchd,,,SHA256=000a479c73585c2e000a479c73585c2e000a479c73585c2e000a479c73585c2e
2026-01-21 05:29:50.312,WIN-FS02,a.cho,1,sshd,"sshd",launchd,,,SHA256=0019322fe51a0adc0019322fe51a0adc0019322fe51a0adc0019322fe51a0adc
2026-01-21 05:37:19.835,K8S-PROD-01,j.duran,1,sshd,"sshd",launchd,,,SHA256=00018c1d4cd81b0c00018c1d4cd81b0c00018c1d4cd81b0c00018c1d4cd81b0c
2026-01-21 05:42:12.981,WIN-ACCT-WS22,r.singh,1,sshd,"sshd",launchd,,,SHA256=00107a4ed3a01b0e00107a4ed3a01b0e00107a4ed3a01b0e00107a4ed3a01b0e
2026-01-21 05:45:43.700,WIN-ITADMIN-03,svc-build,1,git,"git",launchd,,,SHA256=00080d10ed76215400080d10ed76215400080d10ed76215400080d10ed762154
2026-01-21 05:50:19.713,WIN-ACCT-WS22,iam.automation,1,outlook.exe,"outlook.exe",launchd,,,SHA256=00228eb7b38e52a000228eb7b38e52a000228eb7b38e52a000228eb7b38e52a0
2026-01-21 06:00:41.789,K8S-PROD-01,j.duran,1,slack.exe,"slack.exe",explorer.exe,,,SHA256=0019ff2cc9c79da80019ff2cc9c79da80019ff2cc9c79da80019ff2cc9c79da8
2026-01-21 06:09:59.103,WIN-FS02,iam.automation,1,python3,"python3",launchd,,,SHA256=0003e0ba0c2330110003e0ba0c2330110003e0ba0c2330110003e0ba0c233011
2026-01-21 06:14:50.797,LINUX-BUILD-01,iam.automation,1,sshd,"sshd",explorer.exe,,,SHA256=0016dceda8cedbd90016dceda8cedbd90016dceda8cedbd90016dceda8cedbd9
2026-01-21 06:21:49.344,K8S-PROD-01,svc_backup,1,powershell.exe,"powershell.exe",explorer.exe,,,SHA256=0017dfdfaa68ad830017dfdfaa68ad830017dfdfaa68ad830017dfdfaa68ad83
2026-01-21 06:28:29.741,WIN-ITADMIN-03,svc-export,1,powershell.exe,"powershell.exe",cmd.exe,,,SHA256=0001572a5ed422a20001572a5ed422a20001572a5ed422a20001572a5ed422a2
2026-01-21 06:31:32.575,LINUX-ESXI-MGMT,a.cho,1,node,"node",launchd,,,SHA256=00211d41deb0159a00211d41deb0159a00211d41deb0159a00211d41deb0159a
2026-01-21 06:35:30.044,LINUX-ESXI-MGMT,svc-build,1,powershell.exe,"powershell.exe",launchd,,,SHA256=001fcddf4bc25eaa001fcddf4bc25eaa001fcddf4bc25eaa001fcddf4bc25eaa
2026-01-21 06:46:02.227,WIN-FS02,j.duran,1,chrome.exe,"chrome.exe",cmd.exe,,,SHA256=001cfee16020ab9b001cfee16020ab9b001cfee16020ab9b001cfee16020ab9b
2026-01-21 06:52:55.165,LINUX-BUILD-01,svc-build,1,powershell.exe,"powershell.exe",explorer.exe,,,SHA256=00116510aee9f6b500116510aee9f6b500116510aee9f6b500116510aee9f6b5
2026-01-21 07:01:10.347,WIN-ITADMIN-03,a.cho,1,node,"node",systemd,,,SHA256=000791a3ca62a2be000791a3ca62a2be000791a3ca62a2be000791a3ca62a2be
2026-01-21 07:07:23.309,LINUX-BUILD-01,j.duran,1,slack.exe,"slack.exe",launchd,,,SHA256=001e7bc7969a652c001e7bc7969a652c001e7bc7969a652c001e7bc7969a652c
2026-01-21 07:12:22.528,WIN-FS02,svc-build,1,chrome.exe,"chrome.exe",explorer.exe,,,SHA256=0004d6891d0220d60004d6891d0220d60004d6891d0220d60004d6891d0220d6
2026-01-21 07:15:42.409,K8S-PROD-01,r.singh,1,git,"git",launchd,,,SHA256=000799fc7c3972ce000799fc7c3972ce000799fc7c3972ce000799fc7c3972ce
2026-01-21 07:23:58.670,LINUX-BUILD-01,iam.automation,1,chrome.exe,"chrome.exe",explorer.exe,,,SHA256=0019d34ed44548230019d34ed44548230019d34ed44548230019d34ed4454823
2026-01-21 07:34:12.178,WIN-ACCT-WS22,r.singh,1,powershell.exe,"powershell.exe",explorer.exe,,,SHA256=000ea464e8b32eb6000ea464e8b32eb6000ea464e8b32eb6000ea464e8b32eb6
2026-01-21 07:38:38.466,WIN-ITADMIN-03,a.cho,1,python3,"python3",cmd.exe,,,SHA256=000bd5eb2caa8475000bd5eb2caa8475000bd5eb2caa8475000bd5eb2caa8475
2026-01-21 07:49:03.668,WIN-ITADMIN-03,iam.automation,1,slack.exe,"slack.exe",explorer.exe,,,SHA256=001d4a3a28cdff90001d4a3a28cdff90001d4a3a28cdff90001d4a3a28cdff90
2026-01-21 07:54:01.074,K8S-PROD-01,a.cho,1,sshd,"sshd",cmd.exe,,,SHA256=00053c07be34978400053c07be34978400053c07be34978400053c07be349784
2026-01-21 08:02:52.380,K8S-PROD-01,r.singh,1,node,"node",explorer.exe,,,SHA256=00086517f8516a1600086517f8516a1600086517f8516a1600086517f8516a16
2026-01-21 08:12:09.120,WIN-ITADMIN-03,r.singh,1,sshd,"sshd",cmd.exe,,,SHA256=0004ed60ed47208d0004ed60ed47208d0004ed60ed47208d0004ed60ed47208d
2026-01-21 08:16:16.616,K8S-PROD-01,iam.automation,1,sshd,"sshd",explorer.exe,,,SHA256=0016224a6dc268cf0016224a6dc268cf0016224a6dc268cf0016224a6dc268cf
2026-01-21 08:22:57.756,LINUX-BUILD-01,j.duran,1,outlook.exe,"outlook.exe",explorer.exe,,,SHA256=00095c3083e29b2f00095c3083e29b2f00095c3083e29b2f00095c3083e29b2f
2026-01-21 08:29:38.372,WIN-ACCT-WS22,j.duran,1,node,"node",cmd.exe,,,SHA256=002084f06de2710a002084f06de2710a002084f06de2710a002084f06de2710a
2026-01-21 08:36:30.149,WIN-ACCT-WS22,a.cho,1,sshd,"sshd",explorer.exe,,,SHA256=0006aea3372a11860006aea3372a11860006aea3372a11860006aea3372a1186
2026-01-21 08:40:19.698,LINUX-BUILD-01,a.cho,1,git,"git",systemd,,,SHA256=00040970126d811700040970126d811700040970126d811700040970126d8117
2026-01-21 08:50:31.385,K8S-PROD-01,svc-build,1,chrome.exe,"chrome.exe",systemd,,,SHA256=0000549b66d5fd880000549b66d5fd880000549b66d5fd880000549b66d5fd88
2026-01-21 08:59:13.086,LINUX-BUILD-01,iam.automation,1,python3,"python3",systemd,,,SHA256=000ccb0062a6d3c6000ccb0062a6d3c6000ccb0062a6d3c6000ccb0062a6d3c6
2026-01-21 09:10:13.417,LINUX-ESXI-MGMT,svc-export,1,outlook.exe,"outlook.exe",launchd,,,SHA256=001912f64124159f001912f64124159f001912f64124159f001912f64124159f
2026-01-21 09:18:40.067,LINUX-BUILD-01,a.cho,1,powershell.exe,"powershell.exe",cmd.exe,,,SHA256=001d6dc858341525001d6dc858341525001d6dc858341525001d6dc858341525
2026-01-21 09:21:54.292,LINUX-BUILD-01,svc-build,1,sshd,"sshd",cmd.exe,,,SHA256=000ada6dc2810086000ada6dc2810086000ada6dc2810086000ada6dc2810086
2026-01-21 09:29:17.817,K8S-PROD-01,a.cho,1,chrome.exe,"chrome.exe",cmd.exe,,,SHA256=00132d619012347400132d619012347400132d619012347400132d6190123474
2026-01-21 09:34:35.521,K8S-PROD-01,r.singh,1,outlook.exe,"outlook.exe",cmd.exe,,,SHA256=00001efa7fab2c6600001efa7fab2c6600001efa7fab2c6600001efa7fab2c66
2026-01-21 09:37:29.194,WIN-ACCT-WS22,iam.automation,1,git,"git",cmd.exe,,,SHA256=00108ec56a432f6a00108ec56a432f6a00108ec56a432f6a00108ec56a432f6a
2026-01-21 09:43:32.089,WIN-ITADMIN-03,svc-build,1,git,"git",cmd.exe,,,SHA256=00195a21ed5c453300195a21ed5c453300195a21ed5c453300195a21ed5c4533
2026-01-21 09:47:37.285,LINUX-ESXI-MGMT,r.singh,1,powershell.exe,"powershell.exe",cmd.exe,,,SHA256=0012b924258972ad0012b924258972ad0012b924258972ad0012b924258972ad
2026-01-21 09:53:50.228,LINUX-BUILD-01,svc-build,1,powershell.exe,"powershell.exe",launchd,,,SHA256=001c14c38d150643001c14c38d150643001c14c38d150643001c14c38d150643
2026-01-21 10:01:41.115,WIN-ITADMIN-03,iam.automation,1,node,"node",cmd.exe,,,SHA256=000c3531cd42ab8c000c3531cd42ab8c000c3531cd42ab8c000c3531cd42ab8c
2026-01-21 10:09:18.677,WIN-FS02,svc_backup,1,node,"node",explorer.exe,,,SHA256=002013f7d3d2632e002013f7d3d2632e002013f7d3d2632e002013f7d3d2632e
2026-01-21 10:19:54.841,LINUX-ESXI-MGMT,svc-build,1,sshd,"sshd",systemd,,,SHA256=001e60d42e582702001e60d42e582702001e60d42e582702001e60d42e582702
2026-01-21 10:22:59.820,LINUX-BUILD-01,iam.automation,1,slack.exe,"slack.exe",explorer.exe,,,SHA256=000a8d7aa0cd43eb000a8d7aa0cd43eb000a8d7aa0cd43eb000a8d7aa0cd43eb
2026-01-21 10:33:48.352,LINUX-BUILD-01,iam.automation,1,git,"git",explorer.exe,,,SHA256=0005ab0fe52719e70005ab0fe52719e70005ab0fe52719e70005ab0fe52719e7
2026-01-21 10:37:37.671,LINUX-BUILD-01,a.cho,1,sshd,"sshd",launchd,,,SHA256=00210825ae76502a00210825ae76502a00210825ae76502a00210825ae76502a
2026-01-21 10:41:52.835,LINUX-BUILD-01,a.cho,1,node,"node",systemd,,,SHA256=0006ad973c8a6e770006ad973c8a6e770006ad973c8a6e770006ad973c8a6e77
2026-01-21 10:50:40.342,WIN-ACCT-WS22,svc-build,1,node,"node",launchd,,,SHA256=000774a44cab85ee000774a44cab85ee000774a44cab85ee000774a44cab85ee
2026-01-21 10:54:10.479,LINUX-ESXI-MGMT,j.duran,1,chrome.exe,"chrome.exe",cmd.exe,,,SHA256=00027e464c36f30600027e464c36f30600027e464c36f30600027e464c36f306
2026-01-21 11:05:25.223,WIN-ACCT-WS22,r.singh,1,powershell.exe,"powershell.exe",cmd.exe,,,SHA256=000bb2c8d384976e000bb2c8d384976e000bb2c8d384976e000bb2c8d384976e
2026-01-21 11:12:33.135,WIN-ITADMIN-03,svc-build,1,slack.exe,"slack.exe",systemd,,,SHA256=000ac20954bb0604000ac20954bb0604000ac20954bb0604000ac20954bb0604
2026-01-21 11:17:55.753,LINUX-ESXI-MGMT,j.duran,1,git,"git",cmd.exe,,,SHA256=000eeaf1c9454c2d000eeaf1c9454c2d000eeaf1c9454c2d000eeaf1c9454c2d
2026-01-21 11:26:30.346,K8S-PROD-01,iam.automation,1,git,"git",cmd.exe,,,SHA256=0002c8a09db91b2e0002c8a09db91b2e0002c8a09db91b2e0002c8a09db91b2e
2026-01-21 11:29:29.259,WIN-ACCT-WS22,svc_backup,1,node,"node",systemd,,,SHA256=0000b36062b361550000b36062b361550000b36062b361550000b36062b36155
2026-01-21 11:40:12.811,WIN-ITADMIN-03,svc_backup,1,python3,"python3",launchd,,,SHA256=000daadacf82b614000daadacf82b614000daadacf82b614000daadacf82b614
2026-01-21 11:49:35.995,WIN-FS02,svc_backup,1,git,"git",cmd.exe,,,SHA256=0014b7584b53a55b0014b7584b53a55b0014b7584b53a55b0014b7584b53a55b
2026-01-21 11:55:12.963,WIN-FS02,svc_backup,1,outlook.exe,"outlook.exe",launchd,,,SHA256=001a18ee7350b5d2001a18ee7350b5d2001a18ee7350b5d2001a18ee7350b5d2
2026-01-21 12:04:20.115,LINUX-ESXI-MGMT,iam.automation,1,git,"git",explorer.exe,,,SHA256=0000af30bd0a4ace0000af30bd0a4ace0000af30bd0a4ace0000af30bd0a4ace
2026-01-21 12:11:09.962,LINUX-ESXI-MGMT,iam.automation,1,git,"git",cmd.exe,,,SHA256=0016881feb9d0e090016881feb9d0e090016881feb9d0e090016881feb9d0e09
2026-01-21 12:16:13.952,WIN-ITADMIN-03,a.cho,1,git,"git",systemd,,,SHA256=001187e87463ae81001187e87463ae81001187e87463ae81001187e87463ae81
2026-01-21 12:24:42.037,LINUX-BUILD-01,svc-build,1,python3,"python3",cmd.exe,,,SHA256=00055a846641491d00055a846641491d00055a846641491d00055a846641491d
2026-01-21 12:28:47.588,LINUX-BUILD-01,r.singh,1,node,"node",launchd,,,SHA256=0022a62346ca0cdc0022a62346ca0cdc0022a62346ca0cdc0022a62346ca0cdc
2026-01-21 12:36:34.719,LINUX-BUILD-01,iam.automation,1,python3,"python3",launchd,,,SHA256=0006a71d84736fb40006a71d84736fb40006a71d84736fb40006a71d84736fb4
2026-01-21 12:42:56.335,WIN-FS02,svc-export,1,python3,"python3",explorer.exe,,,SHA256=000989584e92e27d000989584e92e27d000989584e92e27d000989584e92e27d
2026-01-21 12:48:49.169,WIN-ITADMIN-03,iam.automation,1,python3,"python3",cmd.exe,,,SHA256=000b956ec168316d000b956ec168316d000b956ec168316d000b956ec168316d
2026-01-21 12:52:39.383,LINUX-ESXI-MGMT,r.singh,1,outlook.exe,"outlook.exe",explorer.exe,,,SHA256=0011fb9c859af4150011fb9c859af4150011fb9c859af4150011fb9c859af415
2026-01-21 13:03:40.381,WIN-FS02,r.singh,1,sshd,"sshd",launchd,,,SHA256=000c58fdba596adf000c58fdba596adf000c58fdba596adf000c58fdba596adf
2026-01-21 13:08:23.453,K8S-PROD-01,iam.automation,1,python3,"python3",systemd,,,SHA256=000c553fd3573980000c553fd3573980000c553fd3573980000c553fd3573980
2026-01-21 13:16:50.702,WIN-FS02,r.singh,1,sshd,"sshd",cmd.exe,,,SHA256=001bee80495564d5001bee80495564d5001bee80495564d5001bee80495564d5
2026-01-21 13:20:35.977,WIN-ITADMIN-03,svc-build,1,git,"git",launchd,,,SHA256=000ca26f97122824000ca26f97122824000ca26f97122824000ca26f97122824
2026-01-21 13:27:29.726,WIN-FS02,svc_backup,1,slack.exe,"slack.exe",launchd,,,SHA256=0004ac1cdfad68c50004ac1cdfad68c50004ac1cdfad68c50004ac1cdfad68c5
2026-01-21 13:37:12.903,K8S-PROD-01,a.cho,1,chrome.exe,"chrome.exe",systemd,,,SHA256=000ab0158d92188d000ab0158d92188d000ab0158d92188d000ab0158d92188d
2026-01-21 13:41:07.228,WIN-ITADMIN-03,a.cho,1,outlook.exe,"outlook.exe",launchd,,,SHA256=0012f920455886980012f920455886980012f920455886980012f92045588698
2026-01-21 13:50:36.877,WIN-FS02,svc-export,1,outlook.exe,"outlook.exe",systemd,,,SHA256=000cc5348575c349000cc5348575c349000cc5348575c349000cc5348575c349
2026-01-21 13:53:31.467,WIN-FS02,svc-export,1,chrome.exe,"chrome.exe",cmd.exe,,,SHA256=00047715a6eda79700047715a6eda79700047715a6eda79700047715a6eda797
2026-01-21 13:56:02.163,LINUX-ESXI-MGMT,a.cho,1,node,"node",systemd,,,SHA256=001032b515f21100001032b515f21100001032b515f21100001032b515f21100
2026-01-21 14:05:40.753,LINUX-ESXI-MGMT,svc-build,1,outlook.exe,"outlook.exe",systemd,,,SHA256=000b23444b7a4ab2000b23444b7a4ab2000b23444b7a4ab2000b23444b7a4ab2
2026-01-21 14:13:13.297,LINUX-BUILD-01,iam.automation,1,slack.exe,"slack.exe",launchd,,,SHA256=0007fce4a594b9d50007fce4a594b9d50007fce4a594b9d50007fce4a594b9d5
2026-01-21 14:23:21.871,K8S-PROD-01,svc-build,1,outlook.exe,"outlook.exe",cmd.exe,,,SHA256=0017544a753385f70017544a753385f70017544a753385f70017544a753385f7
2026-01-21 14:32:25.091,LINUX-BUILD-01,iam.automation,1,outlook.exe,"outlook.exe",cmd.exe,,,SHA256=000bb5c0cb1d7002000bb5c0cb1d7002000bb5c0cb1d7002000bb5c0cb1d7002
2026-01-21 14:39:04.512,WIN-FS02,a.cho,1,chrome.exe,"chrome.exe",launchd,,,SHA256=000698d9a09d2950000698d9a09d2950000698d9a09d2950000698d9a09d2950
2026-01-21 14:49:42.230,LINUX-ESXI-MGMT,iam.automation,1,sshd,"sshd",explorer.exe,,,SHA256=000457370fe991b1000457370fe991b1000457370fe991b1000457370fe991b1
2026-01-21 14:59:46.529,WIN-FS02,svc_backup,1,outlook.exe,"outlook.exe",launchd,,,SHA256=0009b79a779b1e7e0009b79a779b1e7e0009b79a779b1e7e0009b79a779b1e7e
2026-01-21 15:04:57.328,WIN-ACCT-WS22,svc-build,1,git,"git",launchd,,,SHA256=001f2f7fd3ec9e18001f2f7fd3ec9e18001f2f7fd3ec9e18001f2f7fd3ec9e18
2026-01-21 15:11:40.448,WIN-ITADMIN-03,j.duran,1,slack.exe,"slack.exe",launchd,,,SHA256=000ed631aacd6255000ed631aacd6255000ed631aacd6255000ed631aacd6255
2026-01-21 15:18:36.934,LINUX-ESXI-MGMT,iam.automation,1,chrome.exe,"chrome.exe",launchd,,,SHA256=00032cbd3507e9d600032cbd3507e9d600032cbd3507e9d600032cbd3507e9d6
2026-01-21 15:28:17.284,K8S-PROD-01,r.singh,1,chrome.exe,"chrome.exe",cmd.exe,,,SHA256=001347f11a1d3338001347f11a1d3338001347f11a1d3338001347f11a1d3338
2026-01-21 15:32:45.611,K8S-PROD-01,r.singh,1,node,"node",explorer.exe,,,SHA256=0013bec00e2a4e930013bec00e2a4e930013bec00e2a4e930013bec00e2a4e93
2026-01-21 15:42:39.344,WIN-ACCT-WS22,j.duran,1,slack.exe,"slack.exe",cmd.exe,,,SHA256=001846b546fb50d6001846b546fb50d6001846b546fb50d6001846b546fb50d6
2026-01-21 15:53:48.821,LINUX-ESXI-MGMT,svc-build,1,chrome.exe,"chrome.exe",systemd,,,SHA256=0008d4a46cd6d1d50008d4a46cd6d1d50008d4a46cd6d1d50008d4a46cd6d1d5
2026-01-21 15:58:39.321,WIN-ACCT-WS22,svc-build,1,outlook.exe,"outlook.exe",explorer.exe,,,SHA256=00058696740a692400058696740a692400058696740a692400058696740a6924
2026-01-21 16:03:35.994,K8S-PROD-01,svc-export,1,outlook.exe,"outlook.exe",launchd,,,SHA256=0006caf076287f1f0006caf076287f1f0006caf076287f1f0006caf076287f1f
2026-01-21 16:08:58.612,WIN-ACCT-WS22,iam.automation,1,chrome.exe,"chrome.exe",launchd,,,SHA256=001484b651630e9d001484b651630e9d001484b651630e9d001484b651630e9d
2026-01-21 16:19:15.758,LINUX-BUILD-01,r.singh,1,python3,"python3",explorer.exe,,,SHA256=001daf2a10d6f14f001daf2a10d6f14f001daf2a10d6f14f001daf2a10d6f14f
2026-01-21 16:24:23.405,WIN-ITADMIN-03,svc_backup,1,outlook.exe,"outlook.exe",explorer.exe,,,SHA256=000c5d1644bdd3b7000c5d1644bdd3b7000c5d1644bdd3b7000c5d1644bdd3b7
2026-01-21 16:34:55.968,WIN-FS02,a.cho,1,git,"git",systemd,,,SHA256=0017ca4d0b1a47370017ca4d0b1a47370017ca4d0b1a47370017ca4d0b1a4737
2026-01-21 16:41:32.733,WIN-ITADMIN-03,iam.automation,1,slack.exe,"slack.exe",cmd.exe,,,SHA256=000fb36cf0e067a8000fb36cf0e067a8000fb36cf0e067a8000fb36cf0e067a8
2026-01-21 16:52:51.758,WIN-FS02,a.cho,1,sshd,"sshd",cmd.exe,,,SHA256=000178dd41f27f7b000178dd41f27f7b000178dd41f27f7b000178dd41f27f7b
2026-01-21 16:55:38.276,WIN-ACCT-WS22,svc_backup,1,chrome.exe,"chrome.exe",explorer.exe,,,SHA256=00167fda55b1d05900167fda55b1d05900167fda55b1d05900167fda55b1d059
2026-01-21 17:06:05.492,WIN-ITADMIN-03,a.cho,1,python3,"python3",explorer.exe,,,SHA256=000f5ebd3e7977ac000f5ebd3e7977ac000f5ebd3e7977ac000f5ebd3e7977ac
2026-01-21 17:09:51.362,LINUX-BUILD-01,iam.automation,1,slack.exe,"slack.exe",systemd,,,SHA256=0011e53bc5ad1da90011e53bc5ad1da90011e53bc5ad1da90011e53bc5ad1da9
2026-01-21 17:20:33.100,WIN-ACCT-WS22,j.duran,1,outlook.exe,"outlook.exe",systemd,,,SHA256=0017b31927220aa50017b31927220aa50017b31927220aa50017b31927220aa5
2026-01-21 17:23:38.207,K8S-PROD-01,svc_backup,1,slack.exe,"slack.exe",cmd.exe,,,SHA256=001e149f3e0731e4001e149f3e0731e4001e149f3e0731e4001e149f3e0731e4
2026-01-21 17:29:51.929,K8S-PROD-01,iam.automation,1,git,"git",explorer.exe,,,SHA256=001c00f86c800a24001c00f86c800a24001c00f86c800a24001c00f86c800a24
2026-01-21 17:34:20.082,LINUX-ESXI-MGMT,iam.automation,1,slack.exe,"slack.exe",cmd.exe,,,SHA256=000b9c1fdb0b7b85000b9c1fdb0b7b85000b9c1fdb0b7b85000b9c1fdb0b7b85
2026-01-21 17:36:55.835,WIN-ITADMIN-03,r.singh,1,slack.exe,"slack.exe",cmd.exe,,,SHA256=0014f40abb0d0fab0014f40abb0d0fab0014f40abb0d0fab0014f40abb0d0fab
2026-01-21 17:45:00.711,WIN-FS02,svc-export,1,python3,"python3",launchd,,,SHA256=0011de3d99b5bc2a0011de3d99b5bc2a0011de3d99b5bc2a0011de3d99b5bc2a
2026-01-21 17:50:43.892,LINUX-BUILD-01,svc-export,1,slack.exe,"slack.exe",cmd.exe,,,SHA256=000135f212626096000135f212626096000135f212626096000135f212626096
2026-01-21 18:00:38.820,WIN-FS02,a.cho,1,slack.exe,"slack.exe",launchd,,,SHA256=001472313b5f38d7001472313b5f38d7001472313b5f38d7001472313b5f38d7
2026-01-21 18:08:39.713,LINUX-ESXI-MGMT,r.singh,1,python3,"python3",systemd,,,SHA256=000183829087617f000183829087617f000183829087617f000183829087617f
2026-01-21 18:16:09.409,WIN-ITADMIN-03,svc-build,1,git,"git",cmd.exe,,,SHA256=00109083e32aef6d00109083e32aef6d00109083e32aef6d00109083e32aef6d
2026-01-21 18:26:58.989,K8S-PROD-01,svc-build,1,git,"git",systemd,,,SHA256=000df5483c6254d2000df5483c6254d2000df5483c6254d2000df5483c6254d2
2026-01-21 18:34:12.911,LINUX-ESXI-MGMT,svc-build,1,chrome.exe,"chrome.exe",cmd.exe,,,SHA256=00033993186dad6b00033993186dad6b00033993186dad6b00033993186dad6b
2026-01-21 18:41:53.505,WIN-ACCT-WS22,svc-build,1,node,"node",systemd,,,SHA256=001916e5a41260ab001916e5a41260ab001916e5a41260ab001916e5a41260ab
2026-01-21 18:45:57.052,WIN-FS02,svc_backup,1,node,"node",explorer.exe,,,SHA256=0021227250d123e60021227250d123e60021227250d123e60021227250d123e6
2026-01-21 18:54:00.481,WIN-FS02,iam.automation,1,slack.exe,"slack.exe",launchd,,,SHA256=001b0522626017f6001b0522626017f6001b0522626017f6001b0522626017f6
2026-01-21 18:59:11.832,K8S-PROD-01,svc-build,1,git,"git",cmd.exe,,,SHA256=0009e730c4d154c60009e730c4d154c60009e730c4d154c60009e730c4d154c6
2026-01-21 19:02:56.742,LINUX-ESXI-MGMT,a.cho,1,git,"git",explorer.exe,,,SHA256=0015c806f96602c70015c806f96602c70015c806f96602c70015c806f96602c7
2026-01-21 19:13:03.698,WIN-ITADMIN-03,svc_backup,1,powershell.exe,"powershell.exe",launchd,,,SHA256=0019c194e543f5420019c194e543f5420019c194e543f5420019c194e543f542
2026-01-21 19:19:57.840,K8S-PROD-01,j.duran,1,node,"node",systemd,,,SHA256=0009792d9cc1e1f70009792d9cc1e1f70009792d9cc1e1f70009792d9cc1e1f7
2026-01-21 19:25:10.574,WIN-ACCT-WS22,svc_backup,1,python3,"python3",cmd.exe,,,SHA256=001cd9208290a19c001cd9208290a19c001cd9208290a19c001cd9208290a19c
2026-01-21 19:28:32.850,K8S-PROD-01,a.cho,1,python3,"python3",cmd.exe,,,SHA256=001eb6110111aa02001eb6110111aa02001eb6110111aa02001eb6110111aa02
2026-01-21 19:35:05.052,WIN-ITADMIN-03,a.cho,1,powershell.exe,"powershell.exe",launchd,,,SHA256=001ffb530174fe1e001ffb530174fe1e001ffb530174fe1e001ffb530174fe1e
2026-01-21 19:44:06.224,K8S-PROD-01,a.cho,1,python3,"python3",launchd,,,SHA256=00170158f4a6712000170158f4a6712000170158f4a6712000170158f4a67120
2026-01-21 19:50:48.689,LINUX-ESXI-MGMT,iam.automation,1,slack.exe,"slack.exe",cmd.exe,,,SHA256=0016d9ee436621560016d9ee436621560016d9ee436621560016d9ee43662156
2026-01-21 19:55:48.697,LINUX-BUILD-01,svc-export,1,powershell.exe,"powershell.exe",cmd.exe,,,SHA256=0005a9c44c1ccca00005a9c44c1ccca00005a9c44c1ccca00005a9c44c1ccca0
2026-01-21 20:03:45.949,WIN-ITADMIN-03,r.singh,1,outlook.exe,"outlook.exe",systemd,,,SHA256=0017c8d73bb4e3900017c8d73bb4e3900017c8d73bb4e3900017c8d73bb4e390
2026-01-21 20:10:59.842,WIN-ITADMIN-03,svc-export,1,outlook.exe,"outlook.exe",launchd,,,SHA256=000f57b0c11b598b000f57b0c11b598b000f57b0c11b598b000f57b0c11b598b
2026-01-21 20:21:41.977,WIN-ACCT-WS22,svc-build,1,python3,"python3",launchd,,,SHA256=000bc5049bb5ef93000bc5049bb5ef93000bc5049bb5ef93000bc5049bb5ef93
2026-01-21 20:27:15.545,LINUX-ESXI-MGMT,r.singh,1,powershell.exe,"powershell.exe",systemd,,,SHA256=0004dcd397fe6c780004dcd397fe6c780004dcd397fe6c780004dcd397fe6c78
2026-01-21 20:36:34.008,K8S-PROD-01,svc-build,1,powershell.exe,"powershell.exe",launchd,,,SHA256=001665c407efb0a0001665c407efb0a0001665c407efb0a0001665c407efb0a0
2026-01-21 20:41:54.240,LINUX-BUILD-01,r.singh,1,node,"node",systemd,,,SHA256=00215849cc6b24ac00215849cc6b24ac00215849cc6b24ac00215849cc6b24ac
2026-01-21 20:45:41.843,WIN-FS02,iam.automation,1,python3,"python3",systemd,,,SHA256=00182977b96b79a600182977b96b79a600182977b96b79a600182977b96b79a6
2026-01-21 20:56:06.413,K8S-PROD-01,svc-export,1,chrome.exe,"chrome.exe",systemd,,,SHA256=0012d27a08165e750012d27a08165e750012d27a08165e750012d27a08165e75
2026-01-21 20:58:48.437,WIN-FS02,svc-build,1,slack.exe,"slack.exe",explorer.exe,,,SHA256=000b1765844f81c8000b1765844f81c8000b1765844f81c8000b1765844f81c8
2026-01-21 21:03:32.488,WIN-ACCT-WS22,svc-build,1,slack.exe,"slack.exe",launchd,,,SHA256=00031c81c76b40c500031c81c76b40c500031c81c76b40c500031c81c76b40c5
2026-01-21 21:06:57.299,LINUX-BUILD-01,svc-build,1,node,"node",cmd.exe,,,SHA256=00188009ae02921300188009ae02921300188009ae02921300188009ae029213
2026-01-21 21:17:04.834,LINUX-ESXI-MGMT,iam.automation,1,node,"node",explorer.exe,,,SHA256=0004b07288b862140004b07288b862140004b07288b862140004b07288b86214
2026-01-21 21:27:38.985,WIN-ACCT-WS22,iam.automation,1,outlook.exe,"outlook.exe",launchd,,,SHA256=000129d8c7cf8079000129d8c7cf8079000129d8c7cf8079000129d8c7cf8079
2026-01-21 21:30:30.267,WIN-ACCT-WS22,svc-build,1,slack.exe,"slack.exe",launchd,,,SHA256=0000ce346463c0710000ce346463c0710000ce346463c0710000ce346463c071
2026-01-21 21:41:54.629,WIN-ACCT-WS22,svc_backup,1,chrome.exe,"chrome.exe",systemd,,,SHA256=001d1e16aa41d414001d1e16aa41d414001d1e16aa41d414001d1e16aa41d414
2026-01-21 21:47:00.030,WIN-ITADMIN-03,iam.automation,1,sshd,"sshd",launchd,,,SHA256=001483790c8608e9001483790c8608e9001483790c8608e9001483790c8608e9
2026-01-21 21:56:10.065,WIN-FS02,svc-build,1,chrome.exe,"chrome.exe",launchd,,,SHA256=00027287a4782e9800027287a4782e9800027287a4782e9800027287a4782e98
2026-01-21 21:59:34.876,LINUX-BUILD-01,svc_backup,1,node,"node",explorer.exe,,,SHA256=00137060e074ea1c00137060e074ea1c00137060e074ea1c00137060e074ea1c
2026-01-21 22:10:29.710,K8S-PROD-01,r.singh,1,python3,"python3",launchd,,,SHA256=001418fe5e5b5718001418fe5e5b5718001418fe5e5b5718001418fe5e5b5718
2026-01-21 22:16:23.491,WIN-ITADMIN-03,j.duran,1,slack.exe,"slack.exe",explorer.exe,,,SHA256=00211bf8670b6e1c00211bf8670b6e1c00211bf8670b6e1c00211bf8670b6e1c
2026-01-21 22:19:45.026,K8S-PROD-01,r.singh,1,sshd,"sshd",systemd,,,SHA256=0004ecd02c8801fb0004ecd02c8801fb0004ecd02c8801fb0004ecd02c8801fb
2026-01-21 22:31:13.131,WIN-ITADMIN-03,iam.automation,1,python3,"python3",explorer.exe,,,SHA256=000d361596109787000d361596109787000d361596109787000d361596109787
2026-01-21 22:37:47.983,LINUX-ESXI-MGMT,svc-export,1,powershell.exe,"powershell.exe",cmd.exe,,,SHA256=000c5f82dbfdb240000c5f82dbfdb240000c5f82dbfdb240000c5f82dbfdb240
2026-01-21 22:47:21.954,WIN-FS02,j.duran,1,chrome.exe,"chrome.exe",systemd,,,SHA256=000378fe306fbde6000378fe306fbde6000378fe306fbde6000378fe306fbde6
2026-01-21 22:57:05.577,WIN-ITADMIN-03,svc-export,1,chrome.exe,"chrome.exe",systemd,,,SHA256=0006f7ca6a494ff00006f7ca6a494ff00006f7ca6a494ff00006f7ca6a494ff0
2026-01-21 23:01:23.178,WIN-ITADMIN-03,a.cho,1,chrome.exe,"chrome.exe",explorer.exe,,,SHA256=00063df2fa01654600063df2fa01654600063df2fa01654600063df2fa016546
2026-01-21 23:10:27.088,WIN-FS02,svc_backup,1,powershell.exe,"powershell.exe",systemd,,,SHA256=0019587bec0e4fe20019587bec0e4fe20019587bec0e4fe20019587bec0e4fe2
2026-01-21 23:16:01.795,WIN-ACCT-WS22,svc_backup,1,python3,"python3",systemd,,,SHA256=000110d3a3f28d17000110d3a3f28d17000110d3a3f28d17000110d3a3f28d17
2026-01-21 23:27:01.378,LINUX-ESXI-MGMT,svc-export,1,slack.exe,"slack.exe",systemd,,,SHA256=001327476b1388b5001327476b1388b5001327476b1388b5001327476b1388b5
2026-01-21 23:31:05.214,K8S-PROD-01,svc_backup,1,sshd,"sshd",cmd.exe,,,SHA256=001101a4f4b8b244001101a4f4b8b244001101a4f4b8b244001101a4f4b8b244
2026-01-21 23:39:57.156,LINUX-ESXI-MGMT,a.cho,1,sshd,"sshd",systemd,,,SHA256=001e14c3b78f1108001e14c3b78f1108001e14c3b78f1108001e14c3b78f1108
2026-01-21 23:42:39.827,K8S-PROD-01,svc-export,1,chrome.exe,"chrome.exe",launchd,,,SHA256=001b38b58b6d0092001b38b58b6d0092001b38b58b6d0092001b38b58b6d0092
2026-01-21 23:50:24.778,WIN-ACCT-WS22,r.singh,1,python3,"python3",systemd,,,SHA256=000821172db6c2fe000821172db6c2fe000821172db6c2fe000821172db6c2fe
2026-01-21 23:59:46.108,WIN-ACCT-WS22,svc-build,1,chrome.exe,"chrome.exe",cmd.exe,,,SHA256=000ba30136696f3c000ba30136696f3c000ba30136696f3c000ba30136696f3c
2026-01-22 00:11:13.744,WIN-FS02,svc-build,1,python3,"python3",launchd,,,SHA256=000e302682b340f0000e302682b340f0000e302682b340f0000e302682b340f0
2026-01-22 00:15:55.497,K8S-PROD-01,j.duran,1,powershell.exe,"powershell.exe",launchd,,,SHA256=000985fae4a3c4cd000985fae4a3c4cd000985fae4a3c4cd000985fae4a3c4cd
2026-01-22 00:21:25.711,WIN-ITADMIN-03,svc-build,1,outlook.exe,"outlook.exe",launchd,,,SHA256=001d373682989773001d373682989773001d373682989773001d373682989773
2026-01-22 00:31:52.929,WIN-ACCT-WS22,svc-build,1,powershell.exe,"powershell.exe",systemd,,,SHA256=001c329444f3be3f001c329444f3be3f001c329444f3be3f001c329444f3be3f
2026-01-22 00:39:38.442,LINUX-ESXI-MGMT,a.cho,1,node,"node",cmd.exe,,,SHA256=0016458bbb1fd88c0016458bbb1fd88c0016458bbb1fd88c0016458bbb1fd88c
2026-01-22 00:46:19.498,WIN-FS02,a.cho,1,slack.exe,"slack.exe",launchd,,,SHA256=0002af9cb02ad5530002af9cb02ad5530002af9cb02ad5530002af9cb02ad553
2026-01-22 00:55:21.752,K8S-PROD-01,svc-export,1,python3,"python3",launchd,,,SHA256=000ed6b051334c31000ed6b051334c31000ed6b051334c31000ed6b051334c31
2026-01-22 01:02:50.387,WIN-ITADMIN-03,iam.automation,1,outlook.exe,"outlook.exe",launchd,,,SHA256=000a154d96d46232000a154d96d46232000a154d96d46232000a154d96d46232
2026-01-22 01:08:42.129,LINUX-ESXI-MGMT,svc-export,1,chrome.exe,"chrome.exe",launchd,,,SHA256=001dda8e9a531202001dda8e9a531202001dda8e9a531202001dda8e9a531202
2026-01-22 01:12:13.784,LINUX-BUILD-01,iam.automation,1,python3,"python3",launchd,,,SHA256=001b80f7edcb1444001b80f7edcb1444001b80f7edcb1444001b80f7edcb1444
2026-01-22 01:18:18.329,WIN-FS02,iam.automation,1,powershell.exe,"powershell.exe",launchd,,,SHA256=00006407dd8d504600006407dd8d504600006407dd8d504600006407dd8d5046
2026-01-22 01:22:37.176,K8S-PROD-01,r.singh,1,powershell.exe,"powershell.exe",launchd,,,SHA256=00178d49066afe4f00178d49066afe4f00178d49066afe4f00178d49066afe4f
2026-01-22 01:29:45.886,K8S-PROD-01,svc_backup,1,sshd,"sshd",launchd,,,SHA256=000607feb9bd4c2b000607feb9bd4c2b000607feb9bd4c2b000607feb9bd4c2b
2026-01-22 01:39:37.989,LINUX-BUILD-01,svc-export,1,chrome.exe,"chrome.exe",systemd,,,SHA256=0009b8197336b1d20009b8197336b1d20009b8197336b1d20009b8197336b1d2
2026-01-22 01:42:54.083,LINUX-ESXI-MGMT,a.cho,1,sshd,"sshd",cmd.exe,,,SHA256=0005ec56731307380005ec56731307380005ec56731307380005ec5673130738
2026-01-22 01:48:16.217,WIN-ITADMIN-03,r.singh,1,python3,"python3",explorer.exe,,,SHA256=0006befb237f25a20006befb237f25a20006befb237f25a20006befb237f25a2
2026-01-22 01:55:54.564,K8S-PROD-01,svc-build,1,outlook.exe,"outlook.exe",cmd.exe,,,SHA256=0016c37ed9873e150016c37ed9873e150016c37ed9873e150016c37ed9873e15
2026-01-22 02:06:57.255,WIN-ITADMIN-03,svc_backup,1,node,"node",launchd,,,SHA256=001ff9423b9263c4001ff9423b9263c4001ff9423b9263c4001ff9423b9263c4
2026-01-22 02:13:26.397,WIN-ITADMIN-03,svc-build,1,slack.exe,"slack.exe",launchd,,,SHA256=0023856c219fe47e0023856c219fe47e0023856c219fe47e0023856c219fe47e
2026-01-22 02:19:33.823,K8S-PROD-01,svc_backup,1,chrome.exe,"chrome.exe",systemd,,,SHA256=00096e522c5f3a8b00096e522c5f3a8b00096e522c5f3a8b00096e522c5f3a8b
2026-01-22 02:26:18.012,WIN-ITADMIN-03,iam.automation,1,node,"node",cmd.exe,,,SHA256=0013fdd70cba7a830013fdd70cba7a830013fdd70cba7a830013fdd70cba7a83
2026-01-22 02:33:06.466,LINUX-ESXI-MGMT,svc-export,1,python3,"python3",systemd,,,SHA256=000aa9f745fa6cf5000aa9f745fa6cf5000aa9f745fa6cf5000aa9f745fa6cf5
2026-01-22 02:41:32.071,WIN-ITADMIN-03,iam.automation,1,outlook.exe,"outlook.exe",cmd.exe,,,SHA256=0010ba375df1d7040010ba375df1d7040010ba375df1d7040010ba375df1d704
2026-01-22 02:46:02.749,LINUX-ESXI-MGMT,j.duran,1,git,"git",cmd.exe,,,SHA256=0023461ec4c01e420023461ec4c01e420023461ec4c01e420023461ec4c01e42
2026-01-22 02:51:14.954,WIN-ITADMIN-03,r.singh,1,slack.exe,"slack.exe",cmd.exe,,,SHA256=00082ecfe562436a00082ecfe562436a00082ecfe562436a00082ecfe562436a
2026-01-22 02:55:05.885,WIN-FS02,j.duran,1,powershell.exe,"powershell.exe",launchd,,,SHA256=00059fcfdaa574d300059fcfdaa574d300059fcfdaa574d300059fcfdaa574d3
2026-01-22 03:05:38.156,WIN-FS02,r.singh,1,slack.exe,"slack.exe",launchd,,,SHA256=002348ebe31104a8002348ebe31104a8002348ebe31104a8002348ebe31104a8
2026-01-22 03:11:44.169,WIN-FS02,r.singh,1,outlook.exe,"outlook.exe",systemd,,,SHA256=001391f8f6acb04b001391f8f6acb04b001391f8f6acb04b001391f8f6acb04b
2026-01-22 03:22:14.534,LINUX-BUILD-01,j.duran,1,powershell.exe,"powershell.exe",launchd,,,SHA256=00214a985551ad7400214a985551ad7400214a985551ad7400214a985551ad74
2026-01-22 03:33:23.205,WIN-FS02,iam.automation,1,slack.exe,"slack.exe",systemd,,,SHA256=0019c4b43e852ee20019c4b43e852ee20019c4b43e852ee20019c4b43e852ee2
2026-01-22 03:40:37.951,WIN-ITADMIN-03,svc_backup,1,powershell.exe,"powershell.exe",launchd,,,SHA256=000c8c2e5a93d5c1000c8c2e5a93d5c1000c8c2e5a93d5c1000c8c2e5a93d5c1
2026-01-22 03:45:43.547,WIN-ACCT-WS22,r.singh,1,git,"git",explorer.exe,,,SHA256=000d78865d071e07000d78865d071e07000d78865d071e07000d78865d071e07
2026-01-22 03:50:10.506,WIN-FS02,j.duran,1,git,"git",explorer.exe,,,SHA256=000ab58d92d2137e000ab58d92d2137e000ab58d92d2137e000ab58d92d2137e
2026-01-22 04:01:16.996,K8S-PROD-01,svc_backup,1,sshd,"sshd",cmd.exe,,,SHA256=0005b48b20b7d2390005b48b20b7d2390005b48b20b7d2390005b48b20b7d239
2026-01-22 04:05:47.144,LINUX-ESXI-MGMT,j.duran,1,sshd,"sshd",explorer.exe,,,SHA256=00217b77a361509400217b77a361509400217b77a361509400217b77a3615094
2026-01-22 04:09:55.416,K8S-PROD-01,svc-export,1,powershell.exe,"powershell.exe",systemd,,,SHA256=000646fa7b8c0225000646fa7b8c0225000646fa7b8c0225000646fa7b8c0225
2026-01-22 04:18:03.084,WIN-ITADMIN-03,r.singh,1,git,"git",systemd,,,SHA256=00202c7e6d0ada1c00202c7e6d0ada1c00202c7e6d0ada1c00202c7e6d0ada1c
2026-01-22 04:23:36.566,LINUX-ESXI-MGMT,svc-export,1,chrome.exe,"chrome.exe",explorer.exe,,,SHA256=0018623aa14c61020018623aa14c61020018623aa14c61020018623aa14c6102
2026-01-22 04:33:15.117,LINUX-ESXI-MGMT,r.singh,1,outlook.exe,"outlook.exe",cmd.exe,,,SHA256=000ac1a5900cc4df000ac1a5900cc4df000ac1a5900cc4df000ac1a5900cc4df
2026-01-22 04:43:12.064,LINUX-ESXI-MGMT,a.cho,1,chrome.exe,"chrome.exe",cmd.exe,,,SHA256=00194add1fe9542b00194add1fe9542b00194add1fe9542b00194add1fe9542b
2026-01-22 04:53:23.450,WIN-ITADMIN-03,j.duran,1,python3,"python3",cmd.exe,,,SHA256=0008c31c180283120008c31c180283120008c31c180283120008c31c18028312
2026-01-22 05:03:53.224,WIN-FS02,a.cho,1,outlook.exe,"outlook.exe",explorer.exe,,,SHA256=0013b219c684bffc0013b219c684bffc0013b219c684bffc0013b219c684bffc
2026-01-22 05:14:26.409,LINUX-BUILD-01,svc_backup,1,outlook.exe,"outlook.exe",launchd,,,SHA256=0022f1b5b370c7520022f1b5b370c7520022f1b5b370c7520022f1b5b370c752
2026-01-22 05:19:11.131,WIN-ACCT-WS22,r.singh,1,slack.exe,"slack.exe",cmd.exe,,,SHA256=000fd8d4af5b27f0000fd8d4af5b27f0000fd8d4af5b27f0000fd8d4af5b27f0
2026-01-22 05:29:35.919,K8S-PROD-01,svc_backup,1,git,"git",explorer.exe,,,SHA256=0000009506df10db0000009506df10db0000009506df10db0000009506df10db
2026-01-22 05:38:17.954,WIN-ACCT-WS22,r.singh,1,sshd,"sshd",launchd,,,SHA256=001d534909729dfa001d534909729dfa001d534909729dfa001d534909729dfa
2026-01-22 05:45:27.331,WIN-FS02,a.cho,1,node,"node",launchd,,,SHA256=00194abb35227d0e00194abb35227d0e00194abb35227d0e00194abb35227d0e
2026-01-22 05:55:57.104,LINUX-ESXI-MGMT,svc-export,1,node,"node",launchd,,,SHA256=002268a8ed1d3d22002268a8ed1d3d22002268a8ed1d3d22002268a8ed1d3d22
2026-01-22 06:03:32.756,LINUX-BUILD-01,svc-build,1,powershell.exe,"powershell.exe",systemd,,,SHA256=00152e26fcc3ba2400152e26fcc3ba2400152e26fcc3ba2400152e26fcc3ba24
2026-01-22 06:07:40.489,WIN-ACCT-WS22,j.duran,1,sshd,"sshd",systemd,,,SHA256=00222352a0552b6400222352a0552b6400222352a0552b6400222352a0552b64
2026-01-22 06:12:52.736,LINUX-ESXI-MGMT,svc_backup,1,powershell.exe,"powershell.exe",launchd,,,SHA256=001f130c4463372e001f130c4463372e001f130c4463372e001f130c4463372e
2026-01-22 06:15:51.724,K8S-PROD-01,svc-export,1,slack.exe,"slack.exe",systemd,,,SHA256=0008b49b0edc5ec30008b49b0edc5ec30008b49b0edc5ec30008b49b0edc5ec3
2026-01-22 06:19:36.652,WIN-FS02,a.cho,1,python3,"python3",explorer.exe,,,SHA256=0003dba69f9eed4f0003dba69f9eed4f0003dba69f9eed4f0003dba69f9eed4f
2026-01-22 06:26:44.796,WIN-FS02,svc-export,1,chrome.exe,"chrome.exe",cmd.exe,,,SHA256=0008122bf288a1b30008122bf288a1b30008122bf288a1b30008122bf288a1b3
2026-01-22 06:35:07.951,WIN-FS02,a.cho,1,node,"node",cmd.exe,,,SHA256=000b2566c1af5e3c000b2566c1af5e3c000b2566c1af5e3c000b2566c1af5e3c
2026-01-22 06:43:48.296,WIN-FS02,j.duran,1,git,"git",systemd,,,SHA256=001817a4e88292a7001817a4e88292a7001817a4e88292a7001817a4e88292a7
2026-01-22 06:50:25.855,LINUX-ESXI-MGMT,svc-build,1,git,"git",explorer.exe,,,SHA256=00102ed3dc2ba3f300102ed3dc2ba3f300102ed3dc2ba3f300102ed3dc2ba3f3
2026-01-22 06:54:55.964,LINUX-BUILD-01,iam.automation,1,powershell.exe,"powershell.exe",explorer.exe,,,SHA256=00206ace77039af600206ace77039af600206ace77039af600206ace77039af6
2026-01-22 07:03:40.860,K8S-PROD-01,a.cho,1,outlook.exe,"outlook.exe",launchd,,,SHA256=000f64ab7884adb9000f64ab7884adb9000f64ab7884adb9000f64ab7884adb9
2026-01-22 07:10:04.909,LINUX-BUILD-01,r.singh,1,powershell.exe,"powershell.exe",launchd,,,SHA256=0022d343a6ff18f60022d343a6ff18f60022d343a6ff18f60022d343a6ff18f6
2026-01-22 07:13:36.960,LINUX-ESXI-MGMT,svc-export,1,node,"node",explorer.exe,,,SHA256=0020728a601206580020728a601206580020728a601206580020728a60120658
2026-01-22 07:17:53.503,LINUX-ESXI-MGMT,iam.automation,1,outlook.exe,"outlook.exe",systemd,,,SHA256=000ca61850953952000ca61850953952000ca61850953952000ca61850953952
2026-01-22 07:29:19.146,LINUX-ESXI-MGMT,r.singh,1,chrome.exe,"chrome.exe",systemd,,,SHA256=0016044cbe8abf990016044cbe8abf990016044cbe8abf990016044cbe8abf99
2026-01-22 07:32:11.559,WIN-ACCT-WS22,svc_backup,1,outlook.exe,"outlook.exe",launchd,,,SHA256=001e8644c2e73bae001e8644c2e73bae001e8644c2e73bae001e8644c2e73bae
2026-01-22 07:37:40.354,LINUX-BUILD-01,svc-build,1,slack.exe,"slack.exe",systemd,,,SHA256=00217ea3c4bd5efe00217ea3c4bd5efe00217ea3c4bd5efe00217ea3c4bd5efe
2026-01-22 07:49:06.043,WIN-ITADMIN-03,svc_backup,1,outlook.exe,"outlook.exe",cmd.exe,,,SHA256=001c116b50c11e7c001c116b50c11e7c001c116b50c11e7c001c116b50c11e7c
2026-01-22 07:52:47.687,WIN-FS02,svc-build,1,outlook.exe,"outlook.exe",systemd,,,SHA256=00229b89e3eee7c200229b89e3eee7c200229b89e3eee7c200229b89e3eee7c2
2026-01-22 07:55:46.179,K8S-PROD-01,a.cho,1,python3,"python3",launchd,,,SHA256=001257894f5dee1f001257894f5dee1f001257894f5dee1f001257894f5dee1f
2026-01-22 08:04:23.312,WIN-ITADMIN-03,svc-export,1,powershell.exe,"powershell.exe",launchd,,,SHA256=000ba52e2ddb5e15000ba52e2ddb5e15000ba52e2ddb5e15000ba52e2ddb5e15
2026-01-22 08:10:42.444,LINUX-BUILD-01,iam.automation,1,python3,"python3",systemd,,,SHA256=00234ef2aa15334000234ef2aa15334000234ef2aa15334000234ef2aa153340
2026-01-22 08:14:01.112,LINUX-BUILD-01,iam.automation,1,outlook.exe,"outlook.exe",launchd,,,SHA256=000cb01a37e75f93000cb01a37e75f93000cb01a37e75f93000cb01a37e75f93
2026-01-22 08:23:54.573,WIN-ITADMIN-03,svc-build,1,slack.exe,"slack.exe",launchd,,,SHA256=0021fe6e43c83c6e0021fe6e43c83c6e0021fe6e43c83c6e0021fe6e43c83c6e
2026-01-22 08:31:55.758,WIN-ACCT-WS22,a.cho,1,slack.exe,"slack.exe",launchd,,,SHA256=001640c11a88ad04001640c11a88ad04001640c11a88ad04001640c11a88ad04
2026-01-22 08:38:54.309,LINUX-ESXI-MGMT,svc_backup,1,powershell.exe,"powershell.exe",launchd,,,SHA256=001b06eada583efb001b06eada583efb001b06eada583efb001b06eada583efb
2026-01-22 08:45:06.510,WIN-FS02,r.singh,1,chrome.exe,"chrome.exe",launchd,,,SHA256=001a84b26ea8c159001a84b26ea8c159001a84b26ea8c159001a84b26ea8c159
2026-01-22 08:55:09.266,WIN-ITADMIN-03,svc-export,1,python3,"python3",systemd,,,SHA256=0004061d91898b140004061d91898b140004061d91898b140004061d91898b14
2026-01-22 09:04:53.678,LINUX-ESXI-MGMT,r.singh,1,python3,"python3",launchd,,,SHA256=0021334f5ae3d1e40021334f5ae3d1e40021334f5ae3d1e40021334f5ae3d1e4
2026-01-22 09:13:04.908,LINUX-ESXI-MGMT,svc-export,1,node,"node",systemd,,,SHA256=00064cdff0ff4f2100064cdff0ff4f2100064cdff0ff4f2100064cdff0ff4f21
2026-01-22 09:17:31.296,WIN-FS02,svc-export,1,outlook.exe,"outlook.exe",systemd,,,SHA256=0020354afcfcd3da0020354afcfcd3da0020354afcfcd3da0020354afcfcd3da
2026-01-22 09:23:22.246,LINUX-ESXI-MGMT,svc-export,1,chrome.exe,"chrome.exe",systemd,,,SHA256=001bbaef01d7a65f001bbaef01d7a65f001bbaef01d7a65f001bbaef01d7a65f
2026-01-22 09:28:35.188,K8S-PROD-01,j.duran,1,sshd,"sshd",explorer.exe,,,SHA256=00222fc5d6d3630400222fc5d6d3630400222fc5d6d3630400222fc5d6d36304
2026-01-22 09:32:59.505,WIN-ACCT-WS22,iam.automation,1,outlook.exe,"outlook.exe",cmd.exe,,,SHA256=001969834030eeba001969834030eeba001969834030eeba001969834030eeba
2026-01-22 09:35:31.234,LINUX-BUILD-01,svc-export,1,outlook.exe,"outlook.exe",systemd,,,SHA256=000d330a944fa5cb000d330a944fa5cb000d330a944fa5cb000d330a944fa5cb
2026-01-22 09:41:46.623,WIN-FS02,a.cho,1,outlook.exe,"outlook.exe",explorer.exe,,,SHA256=000cf16fc308a1ee000cf16fc308a1ee000cf16fc308a1ee000cf16fc308a1ee
2026-01-22 09:48:44.259,WIN-ITADMIN-03,svc-build,1,sshd,"sshd",cmd.exe,,,SHA256=000f020c58b48a65000f020c58b48a65000f020c58b48a65000f020c58b48a65
2026-01-22 09:55:12.084,WIN-FS02,r.singh,1,slack.exe,"slack.exe",cmd.exe,,,SHA256=0004d184fa4e2de00004d184fa4e2de00004d184fa4e2de00004d184fa4e2de0
2026-01-22 10:00:13.612,WIN-ACCT-WS22,iam.automation,1,outlook.exe,"outlook.exe",cmd.exe,,,SHA256=001a45851265f95b001a45851265f95b001a45851265f95b001a45851265f95b
2026-01-22 10:11:22.186,K8S-PROD-01,iam.automation,1,slack.exe,"slack.exe",explorer.exe,,,SHA256=000faf0d3c008838000faf0d3c008838000faf0d3c008838000faf0d3c008838
2026-01-22 10:21:57.099,WIN-ITADMIN-03,svc-build,1,python3,"python3",cmd.exe,,,SHA256=0019ff16fa77d93d0019ff16fa77d93d0019ff16fa77d93d0019ff16fa77d93d
2026-01-22 10:29:03.499,WIN-ACCT-WS22,svc-build,1,git,"git",cmd.exe,,,SHA256=00074d700754794100074d700754794100074d700754794100074d7007547941
2026-01-22 10:40:30.585,LINUX-BUILD-01,svc-export,1,node,"node",explorer.exe,,,SHA256=0009f58525b8ffa70009f58525b8ffa70009f58525b8ffa70009f58525b8ffa7
2026-01-22 10:47:59.878,WIN-ACCT-WS22,svc_backup,1,node,"node",explorer.exe,,,SHA256=0004ba4b6e9ada040004ba4b6e9ada040004ba4b6e9ada040004ba4b6e9ada04
2026-01-22 10:57:06.195,WIN-ACCT-WS22,svc-export,1,git,"git",systemd,,,SHA256=0000de8247636b760000de8247636b760000de8247636b760000de8247636b76
2026-01-22 11:00:26.016,LINUX-BUILD-01,svc_backup,1,node,"node",launchd,,,SHA256=000816f648bd41a1000816f648bd41a1000816f648bd41a1000816f648bd41a1
2026-01-22 11:09:57.660,WIN-ITADMIN-03,j.duran,1,slack.exe,"slack.exe",explorer.exe,,,SHA256=001e655ef1ca6446001e655ef1ca6446001e655ef1ca6446001e655ef1ca6446
2026-01-22 11:14:20.166,WIN-ITADMIN-03,a.cho,1,chrome.exe,"chrome.exe",launchd,,,SHA256=000a4e18b26addef000a4e18b26addef000a4e18b26addef000a4e18b26addef
2026-01-22 11:19:57.002,K8S-PROD-01,j.duran,1,python3,"python3",systemd,,,SHA256=001101b85dcd5b2f001101b85dcd5b2f001101b85dcd5b2f001101b85dcd5b2f
2026-01-22 11:23:29.262,WIN-FS02,svc-export,1,powershell.exe,"powershell.exe",cmd.exe,,,SHA256=000d9267c5f37356000d9267c5f37356000d9267c5f37356000d9267c5f37356
2026-01-22 11:26:12.343,WIN-ITADMIN-03,r.singh,1,outlook.exe,"outlook.exe",cmd.exe,,,SHA256=00055b39ea15a8be00055b39ea15a8be00055b39ea15a8be00055b39ea15a8be
2026-01-22 11:34:00.318,WIN-ACCT-WS22,r.singh,1,git,"git",systemd,,,SHA256=00117332ec40bfeb00117332ec40bfeb00117332ec40bfeb00117332ec40bfeb
2026-01-22 11:40:12.294,K8S-PROD-01,svc_backup,1,powershell.exe,"powershell.exe",launchd,,,SHA256=0021ed0d477384380021ed0d477384380021ed0d477384380021ed0d47738438
2026-01-22 11:50:42.585,WIN-ITADMIN-03,j.duran,1,slack.exe,"slack.exe",cmd.exe,,,SHA256=001f4312a4d0bdcc001f4312a4d0bdcc001f4312a4d0bdcc001f4312a4d0bdcc
2026-01-22 11:59:47.946,WIN-ITADMIN-03,r.singh,1,python3,"python3",explorer.exe,,,SHA256=0007d4ad6bfdd00b0007d4ad6bfdd00b0007d4ad6bfdd00b0007d4ad6bfdd00b
2026-01-22 12:07:05.595,K8S-PROD-01,a.cho,1,outlook.exe,"outlook.exe",systemd,,,SHA256=001e52fb7f7f80bd001e52fb7f7f80bd001e52fb7f7f80bd001e52fb7f7f80bd
2026-01-22 12:18:19.175,LINUX-BUILD-01,svc_backup,1,chrome.exe,"chrome.exe",cmd.exe,,,SHA256=0021a771e20a97980021a771e20a97980021a771e20a97980021a771e20a9798
2026-01-22 12:25:28.822,LINUX-ESXI-MGMT,r.singh,1,node,"node",cmd.exe,,,SHA256=00211655ad26ab0200211655ad26ab0200211655ad26ab0200211655ad26ab02
2026-01-22 12:29:57.544,WIN-ACCT-WS22,svc-build,1,slack.exe,"slack.exe",systemd,,,SHA256=000c45621f975a1e000c45621f975a1e000c45621f975a1e000c45621f975a1e
2026-01-22 12:40:19.341,LINUX-ESXI-MGMT,j.duran,1,git,"git",systemd,,,SHA256=00174c267b3bb57c00174c267b3bb57c00174c267b3bb57c00174c267b3bb57c
2026-01-22 12:45:13.739,LINUX-ESXI-MGMT,j.duran,1,sshd,"sshd",systemd,,,SHA256=001e1888cbb57f07001e1888cbb57f07001e1888cbb57f07001e1888cbb57f07
2026-01-22 12:53:24.465,LINUX-ESXI-MGMT,svc-build,1,node,"node",systemd,,,SHA256=00129a3ca696870800129a3ca696870800129a3ca696870800129a3ca6968708
2026-01-22 13:01:23.095,WIN-ACCT-WS22,r.singh,1,git,"git",launchd,,,SHA256=0007355778e88f590007355778e88f590007355778e88f590007355778e88f59
2026-01-22 13:09:06.983,LINUX-BUILD-01,iam.automation,1,python3,"python3",systemd,,,SHA256=001b79e6116a1717001b79e6116a1717001b79e6116a1717001b79e6116a1717
2026-01-22 13:15:18.390,WIN-FS02,r.singh,1,git,"git",cmd.exe,,,SHA256=0012730232e710750012730232e710750012730232e710750012730232e71075
2026-01-22 13:21:41.243,LINUX-ESXI-MGMT,iam.automation,1,outlook.exe,"outlook.exe",explorer.exe,,,SHA256=00007cea61f3178800007cea61f3178800007cea61f3178800007cea61f31788
2026-01-22 13:25:24.710,WIN-ITADMIN-03,r.singh,1,node,"node",systemd,,,SHA256=000c647dacd31c15000c647dacd31c15000c647dacd31c15000c647dacd31c15
2026-01-22 13:29:48.938,LINUX-ESXI-MGMT,r.singh,1,powershell.exe,"powershell.exe",explorer.exe,,,SHA256=0020ef0c6a54e1ce0020ef0c6a54e1ce0020ef0c6a54e1ce0020ef0c6a54e1ce
2026-01-22 13:39:46.818,K8S-PROD-01,svc_backup,1,slack.exe,"slack.exe",explorer.exe,,,SHA256=0006c70848b211840006c70848b211840006c70848b211840006c70848b21184
2026-01-22 13:42:44.102,LINUX-ESXI-MGMT,iam.automation,1,git,"git",explorer.exe,,,SHA256=0012e9a7bd6f233c0012e9a7bd6f233c0012e9a7bd6f233c0012e9a7bd6f233c
2026-01-22 13:47:45.080,LINUX-BUILD-01,a.cho,1,chrome.exe,"chrome.exe",cmd.exe,,,SHA256=000073a419a6fc1d000073a419a6fc1d000073a419a6fc1d000073a419a6fc1d
2026-01-22 13:56:17.418,K8S-PROD-01,j.duran,1,powershell.exe,"powershell.exe",launchd,,,SHA256=001a63a9c22104b4001a63a9c22104b4001a63a9c22104b4001a63a9c22104b4
2026-01-22 14:03:51.628,WIN-FS02,svc-build,1,sshd,"sshd",explorer.exe,,,SHA256=001727e506448b09001727e506448b09001727e506448b09001727e506448b09
2026-01-22 14:08:20.594,WIN-ACCT-WS22,r.singh,1,sshd,"sshd",systemd,,,SHA256=000720db74d3c973000720db74d3c973000720db74d3c973000720db74d3c973
2026-01-22 14:17:04.064,LINUX-ESXI-MGMT,j.duran,1,chrome.exe,"chrome.exe",cmd.exe,,,SHA256=00074a4fa166b63300074a4fa166b63300074a4fa166b63300074a4fa166b633
2026-01-22 14:22:12.156,LINUX-BUILD-01,svc-export,1,git,"git",launchd,,,SHA256=0016395d115f21350016395d115f21350016395d115f21350016395d115f2135
2026-01-22 14:27:49.634,LINUX-ESXI-MGMT,svc_backup,1,git,"git",cmd.exe,,,SHA256=001b56fc660c6c8e001b56fc660c6c8e001b56fc660c6c8e001b56fc660c6c8e
2026-01-22 14:32:36.676,WIN-ITADMIN-03,a.cho,1,slack.exe,"slack.exe",cmd.exe,,,SHA256=0005ac2cda4ca98f0005ac2cda4ca98f0005ac2cda4ca98f0005ac2cda4ca98f
2026-01-22 14:43:38.430,K8S-PROD-01,svc-build,1,git,"git",systemd,,,SHA256=0004e61bb8b0e7890004e61bb8b0e7890004e61bb8b0e7890004e61bb8b0e789
2026-01-22 14:48:10.025,WIN-FS02,j.duran,1,slack.exe,"slack.exe",launchd,,,SHA256=000fc87261265a8c000fc87261265a8c000fc87261265a8c000fc87261265a8c
2026-01-22 14:55:19.798,WIN-ACCT-WS22,iam.automation,1,python3,"python3",explorer.exe,,,SHA256=000b2bae8e8d7fd0000b2bae8e8d7fd0000b2bae8e8d7fd0000b2bae8e8d7fd0
2026-01-22 15:00:53.912,WIN-FS02,svc-build,1,git,"git",systemd,,,SHA256=000ea3e0bcb5da88000ea3e0bcb5da88000ea3e0bcb5da88000ea3e0bcb5da88
2026-01-22 15:04:21.751,LINUX-BUILD-01,a.cho,1,sshd,"sshd",cmd.exe,,,SHA256=0021f4e846dd1f480021f4e846dd1f480021f4e846dd1f480021f4e846dd1f48
2026-01-22 15:08:03.569,K8S-PROD-01,j.duran,1,git,"git",cmd.exe,,,SHA256=0001119889bcf54b0001119889bcf54b0001119889bcf54b0001119889bcf54b
2026-01-22 15:17:08.831,K8S-PROD-01,r.singh,1,python3,"python3",explorer.exe,,,SHA256=0003808e70e0ac430003808e70e0ac430003808e70e0ac430003808e70e0ac43
2026-01-22 15:21:03.076,WIN-FS02,svc-export,1,git,"git",cmd.exe,,,SHA256=0010eda507bab2680010eda507bab2680010eda507bab2680010eda507bab268
2026-01-22 15:24:19.457,WIN-ITADMIN-03,r.singh,1,powershell.exe,"powershell.exe",cmd.exe,,,SHA256=001bcaad5b3c0a0a001bcaad5b3c0a0a001bcaad5b3c0a0a001bcaad5b3c0a0a
2026-01-22 15:28:43.440,LINUX-ESXI-MGMT,j.duran,1,node,"node",launchd,,,SHA256=00114d3bec0dc6d700114d3bec0dc6d700114d3bec0dc6d700114d3bec0dc6d7
2026-01-22 15:35:39.454,K8S-PROD-01,svc-export,1,chrome.exe,"chrome.exe",explorer.exe,,,SHA256=000f2cdf4a9d8a8b000f2cdf4a9d8a8b000f2cdf4a9d8a8b000f2cdf4a9d8a8b
2026-01-22 15:45:09.175,WIN-ACCT-WS22,r.singh,1,chrome.exe,"chrome.exe",systemd,,,SHA256=001e59015ec15dcf001e59015ec15dcf001e59015ec15dcf001e59015ec15dcf
2026-01-22 15:55:14.052,LINUX-BUILD-01,a.cho,1,chrome.exe,"chrome.exe",cmd.exe,,,SHA256=0002b6f302cded600002b6f302cded600002b6f302cded600002b6f302cded60
2026-01-22 16:02:19.743,LINUX-BUILD-01,svc-export,1,python3,"python3",launchd,,,SHA256=000b2ed7876474e7000b2ed7876474e7000b2ed7876474e7000b2ed7876474e7
2026-01-22 16:09:16.307,K8S-PROD-01,r.singh,1,powershell.exe,"powershell.exe",explorer.exe,,,SHA256=001e9f305a714803001e9f305a714803001e9f305a714803001e9f305a714803
2026-01-22 16:20:02.863,WIN-FS02,a.cho,1,outlook.exe,"outlook.exe",systemd,,,SHA256=000af6b083de476e000af6b083de476e000af6b083de476e000af6b083de476e
2026-01-22 16:25:55.472,WIN-ACCT-WS22,j.duran,1,chrome.exe,"chrome.exe",explorer.exe,,,SHA256=000ac3d3d29e734e000ac3d3d29e734e000ac3d3d29e734e000ac3d3d29e734e
2026-01-22 16:33:37.282,WIN-ITADMIN-03,svc-export,1,slack.exe,"slack.exe",cmd.exe,,,SHA256=000c3d7e87fe8509000c3d7e87fe8509000c3d7e87fe8509000c3d7e87fe8509
2026-01-22 16:43:04.521,K8S-PROD-01,svc_backup,1,outlook.exe,"outlook.exe",launchd,,,SHA256=000a922457a1da38000a922457a1da38000a922457a1da38000a922457a1da38
2026-01-22 16:49:53.273,WIN-ACCT-WS22,j.duran,1,git,"git",cmd.exe,,,SHA256=0021fe3fc7db4f8e0021fe3fc7db4f8e0021fe3fc7db4f8e0021fe3fc7db4f8e
2026-01-22 16:57:11.612,LINUX-BUILD-01,svc-export,1,outlook.exe,"outlook.exe",explorer.exe,,,SHA256=00208146558ac5cc00208146558ac5cc00208146558ac5cc00208146558ac5cc
2026-01-22 17:03:19.713,WIN-ACCT-WS22,svc-build,1,powershell.exe,"powershell.exe",systemd,,,SHA256=00114b84e2a03c1f00114b84e2a03c1f00114b84e2a03c1f00114b84e2a03c1f
2026-01-22 17:11:55.938,WIN-FS02,svc-export,1,powershell.exe,"powershell.exe",cmd.exe,,,SHA256=000c703bfbc0826c000c703bfbc0826c000c703bfbc0826c000c703bfbc0826c
2026-01-22 17:17:57.243,K8S-PROD-01,iam.automation,1,python3,"python3",launchd,,,SHA256=00063011587dd38800063011587dd38800063011587dd38800063011587dd388
2026-01-22 17:26:14.001,WIN-ACCT-WS22,a.cho,1,git,"git",launchd,,,SHA256=0017065bfbf7fa470017065bfbf7fa470017065bfbf7fa470017065bfbf7fa47
2026-01-22 17:34:57.612,LINUX-BUILD-01,svc-export,1,node,"node",launchd,,,SHA256=000a60a43a394ddb000a60a43a394ddb000a60a43a394ddb000a60a43a394ddb
2026-01-22 17:43:18.002,WIN-ITADMIN-03,a.cho,1,node,"node",systemd,,,SHA256=00021346617fa11500021346617fa11500021346617fa11500021346617fa115
2026-01-22 17:52:59.967,LINUX-BUILD-01,r.singh,1,sshd,"sshd",launchd,,,SHA256=000b0b1cf56a854c000b0b1cf56a854c000b0b1cf56a854c000b0b1cf56a854c
2026-01-22 18:03:53.645,WIN-FS02,a.cho,1,python3,"python3",systemd,,,SHA256=0004939e3e36cd1c0004939e3e36cd1c0004939e3e36cd1c0004939e3e36cd1c
2026-01-22 18:10:15.439,WIN-ACCT-WS22,r.singh,1,git,"git",launchd,,,SHA256=000b81c5c0565c49000b81c5c0565c49000b81c5c0565c49000b81c5c0565c49
2026-01-22 18:20:00.290,WIN-FS02,svc-export,1,outlook.exe,"outlook.exe",systemd,,,SHA256=001fe37583fed95e001fe37583fed95e001fe37583fed95e001fe37583fed95e
2026-01-22 18:27:22.031,K8S-PROD-01,j.duran,1,python3,"python3",systemd,,,SHA256=0007dc57548312dd0007dc57548312dd0007dc57548312dd0007dc57548312dd
2026-01-22 18:37:02.008,WIN-ACCT-WS22,svc-export,1,outlook.exe,"outlook.exe",systemd,,,SHA256=001c33cdc2cfad21001c33cdc2cfad21001c33cdc2cfad21001c33cdc2cfad21
2026-01-22 18:46:32.412,LINUX-BUILD-01,svc_backup,1,powershell.exe,"powershell.exe",cmd.exe,,,SHA256=000c3aa7515b4745000c3aa7515b4745000c3aa7515b4745000c3aa7515b4745
2026-01-22 18:52:13.709,WIN-FS02,svc-export,1,slack.exe,"slack.exe",launchd,,,SHA256=0003bd4143f784a30003bd4143f784a30003bd4143f784a30003bd4143f784a3
2026-01-22 19:03:07.870,WIN-ACCT-WS22,svc_backup,1,slack.exe,"slack.exe",explorer.exe,,,SHA256=0015860e2ddd9dd10015860e2ddd9dd10015860e2ddd9dd10015860e2ddd9dd1
2026-01-22 19:13:12.166,WIN-ACCT-WS22,iam.automation,1,chrome.exe,"chrome.exe",explorer.exe,,,SHA256=00045b0388b7171d00045b0388b7171d00045b0388b7171d00045b0388b7171d
2026-01-22 19:18:12.287,LINUX-BUILD-01,r.singh,1,chrome.exe,"chrome.exe",launchd,,,SHA256=000b130a6b0c4bfe000b130a6b0c4bfe000b130a6b0c4bfe000b130a6b0c4bfe
2026-01-22 19:27:57.345,WIN-FS02,r.singh,1,slack.exe,"slack.exe",launchd,,,SHA256=000b609d2be575f8000b609d2be575f8000b609d2be575f8000b609d2be575f8
2026-01-22 19:38:30.625,K8S-PROD-01,r.singh,1,node,"node",explorer.exe,,,SHA256=0005df70e4ff02d30005df70e4ff02d30005df70e4ff02d30005df70e4ff02d3
2026-01-22 19:47:55.110,LINUX-ESXI-MGMT,svc-build,1,powershell.exe,"powershell.exe",launchd,,,SHA256=00067a4d813b414c00067a4d813b414c00067a4d813b414c00067a4d813b414c
2026-01-22 19:53:37.047,K8S-PROD-01,r.singh,1,git,"git",launchd,,,SHA256=0006d3a33e61f47b0006d3a33e61f47b0006d3a33e61f47b0006d3a33e61f47b
2026-01-22 19:56:07.973,WIN-FS02,j.duran,1,git,"git",systemd,,,SHA256=0012f65babc90da10012f65babc90da10012f65babc90da10012f65babc90da1
2026-01-22 20:01:48.408,WIN-FS02,svc_backup,1,outlook.exe,"outlook.exe",cmd.exe,,,SHA256=00142951aae9f12300142951aae9f12300142951aae9f12300142951aae9f123
2026-01-22 20:04:46.203,WIN-ACCT-WS22,svc-export,1,sshd,"sshd",cmd.exe,,,SHA256=00113e4ff0ce16df00113e4ff0ce16df00113e4ff0ce16df00113e4ff0ce16df
2026-01-22 20:08:39.491,K8S-PROD-01,a.cho,1,slack.exe,"slack.exe",cmd.exe,,,SHA256=0014a8acbc29d7150014a8acbc29d7150014a8acbc29d7150014a8acbc29d715
2026-01-22 20:19:47.215,WIN-ITADMIN-03,r.singh,1,sshd,"sshd",cmd.exe,,,SHA256=000c8a0cc4a29c98000c8a0cc4a29c98000c8a0cc4a29c98000c8a0cc4a29c98
2026-01-22 20:31:06.971,WIN-ITADMIN-03,r.singh,1,outlook.exe,"outlook.exe",explorer.exe,,,SHA256=00080d2e5deed21300080d2e5deed21300080d2e5deed21300080d2e5deed213
2026-01-22 20:37:36.798,WIN-ACCT-WS22,a.cho,1,slack.exe,"slack.exe",systemd,,,SHA256=0005a698808483790005a698808483790005a698808483790005a69880848379
2026-01-22 20:46:09.735,WIN-ITADMIN-03,svc_backup,1,slack.exe,"slack.exe",systemd,,,SHA256=00050657dd7025f700050657dd7025f700050657dd7025f700050657dd7025f7
2026-01-22 20:53:21.364,LINUX-BUILD-01,svc-export,1,sshd,"sshd",systemd,,,SHA256=0014823eb7d6180c0014823eb7d6180c0014823eb7d6180c0014823eb7d6180c
2026-01-22 20:58:03.788,LINUX-ESXI-MGMT,iam.automation,1,git,"git",explorer.exe,,,SHA256=001fcd3ba154808a001fcd3ba154808a001fcd3ba154808a001fcd3ba154808a
2026-01-22 21:03:06.013,WIN-ACCT-WS22,svc_backup,1,slack.exe,"slack.exe",systemd,,,SHA256=000f371d12820eb1000f371d12820eb1000f371d12820eb1000f371d12820eb1
2026-01-22 21:07:30.620,WIN-ITADMIN-03,iam.automation,1,outlook.exe,"outlook.exe",cmd.exe,,,SHA256=001e1b80f4fd0ea3001e1b80f4fd0ea3001e1b80f4fd0ea3001e1b80f4fd0ea3
2026-01-22 21:17:28.858,WIN-FS02,a.cho,1,sshd,"sshd",launchd,,,SHA256=00031720ba771cdd00031720ba771cdd00031720ba771cdd00031720ba771cdd
2026-01-22 21:26:48.531,K8S-PROD-01,svc-export,1,slack.exe,"slack.exe",systemd,,,SHA256=000269e0637ed083000269e0637ed083000269e0637ed083000269e0637ed083
2026-01-22 21:34:47.654,WIN-ITADMIN-03,svc-build,1,slack.exe,"slack.exe",launchd,,,SHA256=000e93454b09c794000e93454b09c794000e93454b09c794000e93454b09c794
2026-01-22 21:38:37.018,LINUX-BUILD-01,a.cho,1,slack.exe,"slack.exe",explorer.exe,,,SHA256=0001c0c7df10e96e0001c0c7df10e96e0001c0c7df10e96e0001c0c7df10e96e
2026-01-22 21:46:30.413,WIN-ITADMIN-03,svc-build,1,git,"git",cmd.exe,,,SHA256=000193f279c84323000193f279c84323000193f279c84323000193f279c84323
2026-01-22 21:57:34.971,WIN-ITADMIN-03,a.cho,1,slack.exe,"slack.exe",systemd,,,SHA256=000713fd5af1e68c000713fd5af1e68c000713fd5af1e68c000713fd5af1e68c
2026-01-22 22:01:07.309,LINUX-BUILD-01,a.cho,1,git,"git",cmd.exe,,,SHA256=0007e3c0eac280220007e3c0eac280220007e3c0eac280220007e3c0eac28022
2026-01-22 22:12:34.056,WIN-ACCT-WS22,a.cho,1,node,"node",explorer.exe,,,SHA256=000c3b6697be3901000c3b6697be3901000c3b6697be3901000c3b6697be3901
2026-01-22 22:16:56.809,K8S-PROD-01,a.cho,1,slack.exe,"slack.exe",launchd,,,SHA256=000e7b0be49ec1a8000e7b0be49ec1a8000e7b0be49ec1a8000e7b0be49ec1a8
2026-01-22 22:19:59.260,K8S-PROD-01,svc-build,1,sshd,"sshd",cmd.exe,,,SHA256=0019ffcda2905f4a0019ffcda2905f4a0019ffcda2905f4a0019ffcda2905f4a
2026-01-22 22:30:24.576,WIN-FS02,a.cho,1,sshd,"sshd",launchd,,,SHA256=000e3ac02ce358ce000e3ac02ce358ce000e3ac02ce358ce000e3ac02ce358ce
2026-01-22 22:40:09.231,LINUX-ESXI-MGMT,a.cho,1,sshd,"sshd",cmd.exe,,,SHA256=000952bc10fc79d8000952bc10fc79d8000952bc10fc79d8000952bc10fc79d8
2026-01-22 22:48:09.332,WIN-FS02,j.duran,1,python3,"python3",launchd,,,SHA256=001adfda76b66168001adfda76b66168001adfda76b66168001adfda76b66168
2026-01-22 22:54:19.642,WIN-ITADMIN-03,r.singh,1,outlook.exe,"outlook.exe",explorer.exe,,,SHA256=00215ae4ae3046f200215ae4ae3046f200215ae4ae3046f200215ae4ae3046f2
2026-01-22 23:05:15.473,K8S-PROD-01,iam.automation,1,outlook.exe,"outlook.exe",cmd.exe,,,SHA256=00168b65788b9c0100168b65788b9c0100168b65788b9c0100168b65788b9c01
2026-01-22 23:15:33.452,LINUX-ESXI-MGMT,svc-export,1,slack.exe,"slack.exe",systemd,,,SHA256=001b2bb08fd6c1c5001b2bb08fd6c1c5001b2bb08fd6c1c5001b2bb08fd6c1c5
2026-01-22 23:18:27.882,LINUX-ESXI-MGMT,r.singh,1,git,"git",systemd,,,SHA256=000f5417d730c116000f5417d730c116000f5417d730c116000f5417d730c116
2026-01-22 23:21:12.561,LINUX-BUILD-01,svc-export,1,outlook.exe,"outlook.exe",launchd,,,SHA256=00148af9eab9e0ce00148af9eab9e0ce00148af9eab9e0ce00148af9eab9e0ce
2026-01-22 23:29:29.985,K8S-PROD-01,a.cho,1,node,"node",launchd,,,SHA256=001cc947b488e995001cc947b488e995001cc947b488e995001cc947b488e995
2026-01-22 23:38:25.967,WIN-ACCT-WS22,a.cho,1,outlook.exe,"outlook.exe",launchd,,,SHA256=0013ae61c75b2f6c0013ae61c75b2f6c0013ae61c75b2f6c0013ae61c75b2f6c
2026-01-22 23:46:01.726,LINUX-ESXI-MGMT,a.cho,1,python3,"python3",launchd,,,SHA256=0022fd111982e8980022fd111982e8980022fd111982e8980022fd111982e898
2026-01-22 23:53:40.173,WIN-FS02,svc-export,1,python3,"python3",cmd.exe,,,SHA256=000cc366e9523ebf000cc366e9523ebf000cc366e9523ebf000cc366e9523ebf
2026-01-23 00:03:59.777,LINUX-ESXI-MGMT,svc_backup,1,node,"node",cmd.exe,,,SHA256=000d143b7e87b25c000d143b7e87b25c000d143b7e87b25c000d143b7e87b25c
2026-01-23 00:10:38.210,WIN-ACCT-WS22,iam.automation,1,outlook.exe,"outlook.exe",cmd.exe,,,SHA256=000701076c5f29c6000701076c5f29c6000701076c5f29c6000701076c5f29c6
2026-01-23 00:16:37.906,WIN-FS02,a.cho,1,slack.exe,"slack.exe",launchd,,,SHA256=00218b8643472c8600218b8643472c8600218b8643472c8600218b8643472c86
2026-01-23 00:24:04.268,K8S-PROD-01,r.singh,1,node,"node",systemd,,,SHA256=0007e373360fa8b70007e373360fa8b70007e373360fa8b70007e373360fa8b7
2026-01-23 00:35:31.057,LINUX-BUILD-01,j.duran,1,chrome.exe,"chrome.exe",cmd.exe,,,SHA256=0022931f747303980022931f747303980022931f747303980022931f74730398
2026-01-23 00:41:51.550,WIN-FS02,svc-build,1,slack.exe,"slack.exe",systemd,,,SHA256=00022fdbb5c96fa000022fdbb5c96fa000022fdbb5c96fa000022fdbb5c96fa0
2026-01-23 00:44:42.318,WIN-ACCT-WS22,svc-build,1,powershell.exe,"powershell.exe",explorer.exe,,,SHA256=001f932df28561b1001f932df28561b1001f932df28561b1001f932df28561b1
2026-01-23 00:55:01.596,WIN-FS02,j.duran,1,powershell.exe,"powershell.exe",systemd,,,SHA256=000f402a08fcd43e000f402a08fcd43e000f402a08fcd43e000f402a08fcd43e
2026-01-23 01:03:57.600,WIN-FS02,svc-build,1,sshd,"sshd",systemd,,,SHA256=0011aa4e52f7a2830011aa4e52f7a2830011aa4e52f7a2830011aa4e52f7a283
2026-01-23 01:07:23.943,WIN-FS02,r.singh,1,powershell.exe,"powershell.exe",launchd,,,SHA256=0002399b4769f71b0002399b4769f71b0002399b4769f71b0002399b4769f71b
2026-01-23 01:12:48.429,WIN-ITADMIN-03,svc-export,1,sshd,"sshd",launchd,,,SHA256=001dc4d148df6098001dc4d148df6098001dc4d148df6098001dc4d148df6098
2026-01-23 01:21:35.604,LINUX-ESXI-MGMT,svc-export,1,sshd,"sshd",explorer.exe,,,SHA256=0010b6fda2a5ebed0010b6fda2a5ebed0010b6fda2a5ebed0010b6fda2a5ebed
2026-01-23 01:30:08.930,WIN-FS02,iam.automation,1,outlook.exe,"outlook.exe",cmd.exe,,,SHA256=000b268c83c077c7000b268c83c077c7000b268c83c077c7000b268c83c077c7
2026-01-23 01:36:20.500,LINUX-BUILD-01,svc_backup,1,node,"node",launchd,,,SHA256=0007f9aa179e9d2c0007f9aa179e9d2c0007f9aa179e9d2c0007f9aa179e9d2c
2026-01-23 01:39:48.666,WIN-ITADMIN-03,svc_backup,1,chrome.exe,"chrome.exe",systemd,,,SHA256=0021d76ae8ecd8f40021d76ae8ecd8f40021d76ae8ecd8f40021d76ae8ecd8f4
2026-01-23 01:47:59.571,WIN-FS02,svc_backup,1,python3,"python3",cmd.exe,,,SHA256=001babf482f466f4001babf482f466f4001babf482f466f4001babf482f466f4
2026-01-23 01:58:28.649,WIN-ACCT-WS22,svc_backup,1,outlook.exe,"outlook.exe",launchd,,,SHA256=00202ec431934b0600202ec431934b0600202ec431934b0600202ec431934b06
2026-01-23 02:03:22.946,K8S-PROD-01,iam.automation,1,chrome.exe,"chrome.exe",cmd.exe,,,SHA256=0001e1f87042a51c0001e1f87042a51c0001e1f87042a51c0001e1f87042a51c
2026-01-23 02:14:03.446,WIN-ACCT-WS22,r.singh,1,python3,"python3",systemd,,,SHA256=00137d8cd701752b00137d8cd701752b00137d8cd701752b00137d8cd701752b
2026-01-23 02:18:06.156,WIN-ACCT-WS22,iam.automation,1,sshd,"sshd",explorer.exe,,,SHA256=000942bf6c12b095000942bf6c12b095000942bf6c12b095000942bf6c12b095
2026-01-23 02:20:37.932,WIN-ITADMIN-03,svc_backup,1,python3,"python3",systemd,,,SHA256=001be4c46e9cce51001be4c46e9cce51001be4c46e9cce51001be4c46e9cce51
2026-01-23 02:27:33.004,WIN-FS02,j.duran,1,python3,"python3",cmd.exe,,,SHA256=0019a071c9ed08070019a071c9ed08070019a071c9ed08070019a071c9ed0807
2026-01-23 02:32:42.879,WIN-FS02,svc_backup,1,python3,"python3",explorer.exe,,,SHA256=000f09c96c224ddd000f09c96c224ddd000f09c96c224ddd000f09c96c224ddd
2026-01-23 02:39:58.352,WIN-FS02,r.singh,1,slack.exe,"slack.exe",cmd.exe,,,SHA256=00169f22fea29fa900169f22fea29fa900169f22fea29fa900169f22fea29fa9
2026-01-23 02:45:39.175,LINUX-ESXI-MGMT,svc-export,1,powershell.exe,"powershell.exe",cmd.exe,,,SHA256=0019c2e84c6df9b10019c2e84c6df9b10019c2e84c6df9b10019c2e84c6df9b1
2026-01-23 02:57:04.667,LINUX-ESXI-MGMT,svc_backup,1,outlook.exe,"outlook.exe",explorer.exe,,,SHA256=00026a7d23f3945e00026a7d23f3945e00026a7d23f3945e00026a7d23f3945e
2026-01-23 03:00:36.113,WIN-ACCT-WS22,svc-export,1,chrome.exe,"chrome.exe",launchd,,,SHA256=00118a8bdd22ad5d00118a8bdd22ad5d00118a8bdd22ad5d00118a8bdd22ad5d
2026-01-23 03:09:36.841,K8S-PROD-01,svc-export,1,python3,"python3",launchd,,,SHA256=0015369b8375be180015369b8375be180015369b8375be180015369b8375be18
2026-01-23 03:19:34.795,WIN-FS02,svc-build,1,chrome.exe,"chrome.exe",cmd.exe,,,SHA256=000adc5638ddb6a3000adc5638ddb6a3000adc5638ddb6a3000adc5638ddb6a3
2026-01-23 03:24:40.387,LINUX-BUILD-01,iam.automation,1,chrome.exe,"chrome.exe",systemd,,,SHA256=000e797f9446dd67000e797f9446dd67000e797f9446dd67000e797f9446dd67
2026-01-23 03:31:43.341,WIN-FS02,svc-build,1,powershell.exe,"powershell.exe",systemd,,,SHA256=001a94f3d3f0232f001a94f3d3f0232f001a94f3d3f0232f001a94f3d3f0232f
2026-01-23 03:34:18.760,WIN-FS02,svc-export,1,python3,"python3",systemd,,,SHA256=001b451e0d9c6063001b451e0d9c6063001b451e0d9c6063001b451e0d9c6063
2026-01-23 03:41:56.193,LINUX-ESXI-MGMT,iam.automation,1,powershell.exe,"powershell.exe",cmd.exe,,,SHA256=001b6119bc5cdb96001b6119bc5cdb96001b6119bc5cdb96001b6119bc5cdb96
2026-01-23 03:47:26.169,K8S-PROD-01,a.cho,1,python3,"python3",launchd,,,SHA256=00056eea6649faba00056eea6649faba00056eea6649faba00056eea6649faba
2026-01-23 03:56:45.465,K8S-PROD-01,svc_backup,1,python3,"python3",launchd,,,SHA256=00121bf7ec48e78e00121bf7ec48e78e00121bf7ec48e78e00121bf7ec48e78e
2026-01-23 04:04:42.872,WIN-ITADMIN-03,svc-export,1,chrome.exe,"chrome.exe",launchd,,,SHA256=001160f8a9788d1b001160f8a9788d1b001160f8a9788d1b001160f8a9788d1b
2026-01-23 04:11:17.870,LINUX-BUILD-01,j.duran,1,git,"git",cmd.exe,,,SHA256=000704d57d2e776d000704d57d2e776d000704d57d2e776d000704d57d2e776d
2026-01-23 04:19:40.571,WIN-FS02,j.duran,1,git,"git",cmd.exe,,,SHA256=0008f730510517c50008f730510517c50008f730510517c50008f730510517c5
2026-01-23 04:30:46.420,WIN-ITADMIN-03,svc-build,1,powershell.exe,"powershell.exe",systemd,,,SHA256=00006f98d2e08ee700006f98d2e08ee700006f98d2e08ee700006f98d2e08ee7
2026-01-23 04:39:56.146,K8S-PROD-01,svc-build,1,python3,"python3",systemd,,,SHA256=000e8f13b562b469000e8f13b562b469000e8f13b562b469000e8f13b562b469
2026-01-23 04:46:11.700,K8S-PROD-01,j.duran,1,outlook.exe,"outlook.exe",systemd,,,SHA256=0022d2fe42986d020022d2fe42986d020022d2fe42986d020022d2fe42986d02
2026-01-23 04:55:52.606,WIN-FS02,svc-build,1,sshd,"sshd",systemd,,,SHA256=000f7df4dad9d347000f7df4dad9d347000f7df4dad9d347000f7df4dad9d347
2026-01-23 05:02:23.141,K8S-PROD-01,a.cho,1,git,"git",launchd,,,SHA256=000a485b47ef0d5c000a485b47ef0d5c000a485b47ef0d5c000a485b47ef0d5c
2026-01-23 05:04:56.734,WIN-ITADMIN-03,svc_backup,1,slack.exe,"slack.exe",launchd,,,SHA256=001f921c06563787001f921c06563787001f921c06563787001f921c06563787
2026-01-23 05:12:36.355,LINUX-BUILD-01,svc-build,1,powershell.exe,"powershell.exe",cmd.exe,,,SHA256=001627284f2f5ea0001627284f2f5ea0001627284f2f5ea0001627284f2f5ea0
2026-01-23 05:16:03.556,WIN-FS02,a.cho,1,slack.exe,"slack.exe",systemd,,,SHA256=0009dbaa77086ed50009dbaa77086ed50009dbaa77086ed50009dbaa77086ed5
2026-01-23 05:19:38.201,WIN-FS02,a.cho,1,sshd,"sshd",launchd,,,SHA256=000d581695690a44000d581695690a44000d581695690a44000d581695690a44
2026-01-23 05:22:28.368,LINUX-BUILD-01,r.singh,1,node,"node",systemd,,,SHA256=0007905f97a9c0430007905f97a9c0430007905f97a9c0430007905f97a9c043
2026-01-23 05:26:16.897,LINUX-ESXI-MGMT,svc-export,1,python3,"python3",launchd,,,SHA256=001e3c8c59a0e986001e3c8c59a0e986001e3c8c59a0e986001e3c8c59a0e986
2026-01-23 05:35:47.691,WIN-FS02,svc-build,1,sshd,"sshd",systemd,,,SHA256=000259e32e40ce5a000259e32e40ce5a000259e32e40ce5a000259e32e40ce5a
2026-01-23 05:42:50.098,LINUX-BUILD-01,a.cho,1,outlook.exe,"outlook.exe",systemd,,,SHA256=001d1e9d66aa83a7001d1e9d66aa83a7001d1e9d66aa83a7001d1e9d66aa83a7
2026-01-23 05:49:41.149,LINUX-ESXI-MGMT,svc-build,1,chrome.exe,"chrome.exe",systemd,,,SHA256=001647f043db6881001647f043db6881001647f043db6881001647f043db6881
2026-01-23 05:54:09.510,WIN-FS02,svc_backup,1,python3,"python3",systemd,,,SHA256=0000e19edc9931680000e19edc9931680000e19edc9931680000e19edc993168
2026-01-23 05:59:06.886,K8S-PROD-01,iam.automation,1,outlook.exe,"outlook.exe",systemd,,,SHA256=00118761627e479100118761627e479100118761627e479100118761627e4791
2026-01-23 06:07:36.196,WIN-ITADMIN-03,j.duran,1,chrome.exe,"chrome.exe",systemd,,,SHA256=001227f154c6c1c5001227f154c6c1c5001227f154c6c1c5001227f154c6c1c5
2026-01-23 06:12:53.754,K8S-PROD-01,svc-build,1,powershell.exe,"powershell.exe",systemd,,,SHA256=00063836ebdab1b700063836ebdab1b700063836ebdab1b700063836ebdab1b7
2026-01-23 06:18:06.405,WIN-ACCT-WS22,a.cho,1,python3,"python3",explorer.exe,,,SHA256=001f2e07b5e3bbef001f2e07b5e3bbef001f2e07b5e3bbef001f2e07b5e3bbef
2026-01-23 06:29:34.161,K8S-PROD-01,svc_backup,1,node,"node",systemd,,,SHA256=000554f63e6d418b000554f63e6d418b000554f63e6d418b000554f63e6d418b
2026-01-23 06:40:23.331,LINUX-ESXI-MGMT,a.cho,1,python3,"python3",explorer.exe,,,SHA256=001d1543440b9a8e001d1543440b9a8e001d1543440b9a8e001d1543440b9a8e
2026-01-23 06:46:32.044,LINUX-ESXI-MGMT,svc-build,1,git,"git",explorer.exe,,,SHA256=000c9160256e4c71000c9160256e4c71000c9160256e4c71000c9160256e4c71
2026-01-23 06:55:15.872,WIN-FS02,svc-export,1,sshd,"sshd",cmd.exe,,,SHA256=0013d5b9ace69c360013d5b9ace69c360013d5b9ace69c360013d5b9ace69c36
2026-01-23 07:00:41.111,LINUX-BUILD-01,j.duran,1,sshd,"sshd",explorer.exe,,,SHA256=001dc0a62de4a42f001dc0a62de4a42f001dc0a62de4a42f001dc0a62de4a42f
2026-01-23 07:06:41.063,LINUX-ESXI-MGMT,r.singh,1,powershell.exe,"powershell.exe",cmd.exe,,,SHA256=00017aa726e7052800017aa726e7052800017aa726e7052800017aa726e70528
2026-01-23 07:13:39.074,LINUX-BUILD-01,r.singh,1,git,"git",systemd,,,SHA256=0014a02bc7d8afcd0014a02bc7d8afcd0014a02bc7d8afcd0014a02bc7d8afcd
2026-01-23 07:22:12.486,K8S-PROD-01,a.cho,1,powershell.exe,"powershell.exe",cmd.exe,,,SHA256=00232126771dee4e00232126771dee4e00232126771dee4e00232126771dee4e
2026-01-23 07:33:04.249,WIN-ITADMIN-03,j.duran,1,powershell.exe,"powershell.exe",explorer.exe,,,SHA256=00188422a45f17b300188422a45f17b300188422a45f17b300188422a45f17b3
2026-01-23 07:38:12.590,LINUX-ESXI-MGMT,svc-export,1,sshd,"sshd",cmd.exe,,,SHA256=00062a50c0c4fd6e00062a50c0c4fd6e00062a50c0c4fd6e00062a50c0c4fd6e
2026-01-23 07:44:11.518,K8S-PROD-01,svc-build,1,git,"git",explorer.exe,,,SHA256=0010c802819080fe0010c802819080fe0010c802819080fe0010c802819080fe
2026-01-23 07:51:12.477,K8S-PROD-01,j.duran,1,python3,"python3",systemd,,,SHA256=0012fba03430a2b80012fba03430a2b80012fba03430a2b80012fba03430a2b8
2026-01-23 07:57:25.259,WIN-ACCT-WS22,a.cho,1,slack.exe,"slack.exe",systemd,,,SHA256=0003f4461b4d14240003f4461b4d14240003f4461b4d14240003f4461b4d1424
2026-01-23 08:01:18.322,LINUX-ESXI-MGMT,a.cho,1,node,"node",explorer.exe,,,SHA256=0022bfac7f0cb76e0022bfac7f0cb76e0022bfac7f0cb76e0022bfac7f0cb76e
2026-01-23 08:08:17.499,WIN-ACCT-WS22,iam.automation,1,slack.exe,"slack.exe",systemd,,,SHA256=00214ccb8943cacc00214ccb8943cacc00214ccb8943cacc00214ccb8943cacc
2026-01-23 08:12:49.253,WIN-ITADMIN-03,r.singh,1,powershell.exe,"powershell.exe",explorer.exe,,,SHA256=0023041b394099ee0023041b394099ee0023041b394099ee0023041b394099ee
2026-01-23 08:17:40.148,K8S-PROD-01,iam.automation,1,python3,"python3",cmd.exe,,,SHA256=001286a18d2bc0e5001286a18d2bc0e5001286a18d2bc0e5001286a18d2bc0e5
2026-01-23 08:26:47.100,LINUX-ESXI-MGMT,a.cho,1,powershell.exe,"powershell.exe",launchd,,,SHA256=000d6e52b39022e9000d6e52b39022e9000d6e52b39022e9000d6e52b39022e9
2026-01-23 08:35:50.815,WIN-ACCT-WS22,j.duran,1,node,"node",launchd,,,SHA256=0002d0b8ab22050f0002d0b8ab22050f0002d0b8ab22050f0002d0b8ab22050f
2026-01-23 08:41:04.077,WIN-FS02,svc-export,1,slack.exe,"slack.exe",explorer.exe,,,SHA256=001e56d982990fdd001e56d982990fdd001e56d982990fdd001e56d982990fdd
2026-01-23 08:44:32.309,K8S-PROD-01,r.singh,1,chrome.exe,"chrome.exe",cmd.exe,,,SHA256=00209fd79c25a42a00209fd79c25a42a00209fd79c25a42a00209fd79c25a42a
2026-01-23 08:54:30.082,K8S-PROD-01,r.singh,1,outlook.exe,"outlook.exe",launchd,,,SHA256=00058de2c0acbed500058de2c0acbed500058de2c0acbed500058de2c0acbed5
2026-01-23 09:02:36.585,WIN-FS02,a.cho,1,outlook.exe,"outlook.exe",explorer.exe,,,SHA256=00207c221e3dec3a00207c221e3dec3a00207c221e3dec3a00207c221e3dec3a
2026-01-23 09:05:26.903,LINUX-BUILD-01,r.singh,1,sshd,"sshd",launchd,,,SHA256=0022c49f255557640022c49f255557640022c49f255557640022c49f25555764
2026-01-23 09:10:44.487,WIN-ITADMIN-03,a.cho,1,chrome.exe,"chrome.exe",explorer.exe,,,SHA256=0008e258e245227b0008e258e245227b0008e258e245227b0008e258e245227b
2026-01-23 09:20:52.280,WIN-ITADMIN-03,svc-build,1,python3,"python3",explorer.exe,,,SHA256=0022739f3b0dbcdc0022739f3b0dbcdc0022739f3b0dbcdc0022739f3b0dbcdc
2026-01-23 09:31:03.290,WIN-FS02,svc_backup,1,slack.exe,"slack.exe",launchd,,,SHA256=001fff09096928cb001fff09096928cb001fff09096928cb001fff09096928cb
2026-01-23 09:41:02.363,WIN-ITADMIN-03,iam.automation,1,node,"node",systemd,,,SHA256=000fde9a2669e5d5000fde9a2669e5d5000fde9a2669e5d5000fde9a2669e5d5
2026-01-23 09:51:04.654,WIN-ITADMIN-03,j.duran,1,node,"node",cmd.exe,,,SHA256=00155ac53c73ce3700155ac53c73ce3700155ac53c73ce3700155ac53c73ce37
2026-01-23 09:55:36.753,WIN-FS02,svc_backup,1,sshd,"sshd",launchd,,,SHA256=0017fb0d1d9d74dd0017fb0d1d9d74dd0017fb0d1d9d74dd0017fb0d1d9d74dd
2026-01-23 09:58:16.230,WIN-FS02,r.singh,1,git,"git",cmd.exe,,,SHA256=0009ed4ade6ec6dd0009ed4ade6ec6dd0009ed4ade6ec6dd0009ed4ade6ec6dd
2026-01-23 10:02:55.923,WIN-FS02,iam.automation,1,chrome.exe,"chrome.exe",launchd,,,SHA256=001d540992a1ae7a001d540992a1ae7a001d540992a1ae7a001d540992a1ae7a
2026-01-23 10:09:40.792,WIN-ITADMIN-03,r.singh,1,python3,"python3",systemd,,,SHA256=0006bd8742fb870c0006bd8742fb870c0006bd8742fb870c0006bd8742fb870c
2026-01-23 10:17:56.462,LINUX-ESXI-MGMT,a.cho,1,node,"node",launchd,,,SHA256=002260523e6b2868002260523e6b2868002260523e6b2868002260523e6b2868
2026-01-23 10:27:07.380,WIN-ITADMIN-03,a.cho,1,git,"git",explorer.exe,,,SHA256=00082c0ee2cf7d9900082c0ee2cf7d9900082c0ee2cf7d9900082c0ee2cf7d99
2026-01-23 10:37:15.180,K8S-PROD-01,svc_backup,1,python3,"python3",launchd,,,SHA256=00192497fbfdce0e00192497fbfdce0e00192497fbfdce0e00192497fbfdce0e
2026-01-23 10:42:39.575,K8S-PROD-01,iam.automation,1,node,"node",explorer.exe,,,SHA256=00065c6469a1698000065c6469a1698000065c6469a1698000065c6469a16980
2026-01-23 10:45:28.770,K8S-PROD-01,svc-export,1,sshd,"sshd",launchd,,,SHA256=000bd37d69ef1643000bd37d69ef1643000bd37d69ef1643000bd37d69ef1643
2026-01-23 10:48:56.652,WIN-ACCT-WS22,iam.automation,1,powershell.exe,"powershell.exe",launchd,,,SHA256=001db5e64389c6bf001db5e64389c6bf001db5e64389c6bf001db5e64389c6bf
2026-01-23 11:00:01.321,K8S-PROD-01,svc-build,1,outlook.exe,"outlook.exe",launchd,,,SHA256=0014325a178b86410014325a178b86410014325a178b86410014325a178b8641
2026-01-23 11:08:23.964,K8S-PROD-01,j.duran,1,chrome.exe,"chrome.exe",cmd.exe,,,SHA256=000aa654dd818e6d000aa654dd818e6d000aa654dd818e6d000aa654dd818e6d
2026-01-23 11:15:07.611,LINUX-BUILD-01,j.duran,1,outlook.exe,"outlook.exe",explorer.exe,,,SHA256=000b0049ee07dde9000b0049ee07dde9000b0049ee07dde9000b0049ee07dde9
2026-01-23 11:20:59.570,LINUX-ESXI-MGMT,iam.automation,1,slack.exe,"slack.exe",cmd.exe,,,SHA256=001ec383936fc620001ec383936fc620001ec383936fc620001ec383936fc620
2026-01-23 11:24:05.744,WIN-ITADMIN-03,svc-export,1,node,"node",launchd,,,SHA256=00213d580fdf893800213d580fdf893800213d580fdf893800213d580fdf8938
2026-01-23 11:26:44.705,K8S-PROD-01,svc-build,1,chrome.exe,"chrome.exe",systemd,,,SHA256=000a27bc8c7c9a7f000a27bc8c7c9a7f000a27bc8c7c9a7f000a27bc8c7c9a7f
2026-01-23 11:36:08.305,WIN-ITADMIN-03,a.cho,1,git,"git",explorer.exe,,,SHA256=00025cb1aad8330700025cb1aad8330700025cb1aad8330700025cb1aad83307
2026-01-23 11:38:56.346,K8S-PROD-01,r.singh,1,outlook.exe,"outlook.exe",launchd,,,SHA256=000cdffc23cc0125000cdffc23cc0125000cdffc23cc0125000cdffc23cc0125
2026-01-23 11:43:26.830,LINUX-BUILD-01,j.duran,1,slack.exe,"slack.exe",cmd.exe,,,SHA256=001ef9429a7d9509001ef9429a7d9509001ef9429a7d9509001ef9429a7d9509
2026-01-23 11:52:20.737,WIN-ITADMIN-03,iam.automation,1,powershell.exe,"powershell.exe",launchd,,,SHA256=00045a6447f01db700045a6447f01db700045a6447f01db700045a6447f01db7
2026-01-23 12:03:40.039,WIN-FS02,svc_backup,1,outlook.exe,"outlook.exe",explorer.exe,,,SHA256=000a5030d459e100000a5030d459e100000a5030d459e100000a5030d459e100
2026-01-23 12:07:37.364,WIN-ACCT-WS22,a.cho,1,slack.exe,"slack.exe",cmd.exe,,,SHA256=0001bee498cee6470001bee498cee6470001bee498cee6470001bee498cee647
2026-01-23 12:11:01.868,WIN-FS02,j.duran,1,git,"git",systemd,,,SHA256=001b591d8f305f40001b591d8f305f40001b591d8f305f40001b591d8f305f40
2026-01-23 12:18:23.501,WIN-ACCT-WS22,svc-export,1,outlook.exe,"outlook.exe",explorer.exe,,,SHA256=0003cc25727ac2ea0003cc25727ac2ea0003cc25727ac2ea0003cc25727ac2ea
2026-01-23 12:27:00.992,LINUX-BUILD-01,svc_backup,1,chrome.exe,"chrome.exe",cmd.exe,,,SHA256=000dc49468961e68000dc49468961e68000dc49468961e68000dc49468961e68
2026-01-23 12:30:20.066,LINUX-ESXI-MGMT,svc-build,1,sshd,"sshd",cmd.exe,,,SHA256=0013692009082496001369200908249600136920090824960013692009082496
2026-01-23 12:41:29.141,LINUX-BUILD-01,a.cho,1,slack.exe,"slack.exe",systemd,,,SHA256=0010525a1388d05f0010525a1388d05f0010525a1388d05f0010525a1388d05f
2026-01-23 12:52:00.156,K8S-PROD-01,r.singh,1,powershell.exe,"powershell.exe",cmd.exe,,,SHA256=00199c4838cc4f4000199c4838cc4f4000199c4838cc4f4000199c4838cc4f40
2026-01-23 12:54:51.129,LINUX-ESXI-MGMT,j.duran,1,node,"node",systemd,,,SHA256=002373b0978f308c002373b0978f308c002373b0978f308c002373b0978f308c
2026-01-23 13:00:52.252,K8S-PROD-01,j.duran,1,outlook.exe,"outlook.exe",launchd,,,SHA256=000e396f382ad335000e396f382ad335000e396f382ad335000e396f382ad335
2026-01-23 13:06:55.170,WIN-FS02,svc_backup,1,python3,"python3",cmd.exe,,,SHA256=00164ef3d88c8f5700164ef3d88c8f5700164ef3d88c8f5700164ef3d88c8f57
2026-01-23 13:10:30.709,WIN-ACCT-WS22,svc-export,1,node,"node",systemd,,,SHA256=000b41af75ff71b7000b41af75ff71b7000b41af75ff71b7000b41af75ff71b7
2026-01-23 13:19:37.642,WIN-ACCT-WS22,svc-build,1,powershell.exe,"powershell.exe",launchd,,,SHA256=001d25944f905ee6001d25944f905ee6001d25944f905ee6001d25944f905ee6
2026-01-23 13:23:36.781,LINUX-BUILD-01,a.cho,1,sshd,"sshd",systemd,,,SHA256=0020e0536b2468da0020e0536b2468da0020e0536b2468da0020e0536b2468da
2026-01-23 13:34:02.110,K8S-PROD-01,svc-export,1,node,"node",systemd,,,SHA256=00139df05c4cdd1200139df05c4cdd1200139df05c4cdd1200139df05c4cdd12
2026-01-23 13:38:54.039,K8S-PROD-01,svc-export,1,slack.exe,"slack.exe",launchd,,,SHA256=0015df4aa107629f0015df4aa107629f0015df4aa107629f0015df4aa107629f
2026-01-23 13:47:28.051,WIN-ITADMIN-03,svc_backup,1,powershell.exe,"powershell.exe",cmd.exe,,,SHA256=001ab9899ab136ab001ab9899ab136ab001ab9899ab136ab001ab9899ab136ab
2026-01-23 13:55:52.680,K8S-PROD-01,r.singh,1,slack.exe,"slack.exe",explorer.exe,,,SHA256=001e792b69b58351001e792b69b58351001e792b69b58351001e792b69b58351
2026-01-23 13:59:50.304,WIN-ACCT-WS22,svc-build,1,slack.exe,"slack.exe",explorer.exe,,,SHA256=000519d3ad6dbfeb000519d3ad6dbfeb000519d3ad6dbfeb000519d3ad6dbfeb
2026-01-23 14:02:37.839,K8S-PROD-01,r.singh,1,node,"node",systemd,,,SHA256=00009bdd081d531e00009bdd081d531e00009bdd081d531e00009bdd081d531e
2026-01-23 14:09:45.963,WIN-FS02,r.singh,1,powershell.exe,"powershell.exe",cmd.exe,,,SHA256=000c11ae413d1e3e000c11ae413d1e3e000c11ae413d1e3e000c11ae413d1e3e
2026-01-23 14:13:47.655,WIN-FS02,svc_backup,1,slack.exe,"slack.exe",cmd.exe,,,SHA256=001d3b7b68a07ef8001d3b7b68a07ef8001d3b7b68a07ef8001d3b7b68a07ef8
2026-01-23 14:20:10.988,K8S-PROD-01,r.singh,1,powershell.exe,"powershell.exe",systemd,,,SHA256=000adb5c12177f33000adb5c12177f33000adb5c12177f33000adb5c12177f33
2026-01-23 14:24:07.451,WIN-ITADMIN-03,iam.automation,1,git,"git",explorer.exe,,,SHA256=0019b1b9b3c7acac0019b1b9b3c7acac0019b1b9b3c7acac0019b1b9b3c7acac
2026-01-23 14:26:44.481,LINUX-ESXI-MGMT,iam.automation,1,node,"node",systemd,,,SHA256=00134266cd8d38bc00134266cd8d38bc00134266cd8d38bc00134266cd8d38bc
2026-01-23 14:31:57.018,WIN-FS02,r.singh,1,chrome.exe,"chrome.exe",cmd.exe,,,SHA256=0015d246709cde420015d246709cde420015d246709cde420015d246709cde42
2026-01-23 14:37:24.168,WIN-ACCT-WS22,r.singh,1,sshd,"sshd",systemd,,,SHA256=0015719222916eac0015719222916eac0015719222916eac0015719222916eac
2026-01-23 14:40:08.627,WIN-ACCT-WS22,svc_backup,1,node,"node",cmd.exe,,,SHA256=0017ecfd489e20960017ecfd489e20960017ecfd489e20960017ecfd489e2096
2026-01-23 14:44:12.280,LINUX-BUILD-01,iam.automation,1,powershell.exe,"powershell.exe",cmd.exe,,,SHA256=001cb24eb4489971001cb24eb4489971001cb24eb4489971001cb24eb4489971
2026-01-23 14:51:04.009,WIN-ACCT-WS22,svc_backup,1,node,"node",explorer.exe,,,SHA256=000a25e40f5a8135000a25e40f5a8135000a25e40f5a8135000a25e40f5a8135
2026-01-23 15:00:16.630,LINUX-BUILD-01,a.cho,1,git,"git",explorer.exe,,,SHA256=0008c8dbf60c0a0f0008c8dbf60c0a0f0008c8dbf60c0a0f0008c8dbf60c0a0f
2026-01-23 15:08:19.169,WIN-ITADMIN-03,svc-build,1,powershell.exe,"powershell.exe",systemd,,,SHA256=000a68af0068877c000a68af0068877c000a68af0068877c000a68af0068877c
2026-01-23 15:12:47.321,LINUX-ESXI-MGMT,r.singh,1,sshd,"sshd",systemd,,,SHA256=0010701dfe94c7600010701dfe94c7600010701dfe94c7600010701dfe94c760
2026-01-23 15:22:56.529,K8S-PROD-01,a.cho,1,node,"node",explorer.exe,,,SHA256=0001f59623cfacee0001f59623cfacee0001f59623cfacee0001f59623cfacee
2026-01-23 15:29:35.128,WIN-ITADMIN-03,r.singh,1,chrome.exe,"chrome.exe",systemd,,,SHA256=000db32e82186088000db32e82186088000db32e82186088000db32e82186088
2026-01-23 15:39:04.506,LINUX-BUILD-01,r.singh,1,sshd,"sshd",launchd,,,SHA256=0001e40e408090d40001e40e408090d40001e40e408090d40001e40e408090d4
2026-01-23 15:44:53.248,LINUX-BUILD-01,iam.automation,1,outlook.exe,"outlook.exe",systemd,,,SHA256=000ea2bab73290bd000ea2bab73290bd000ea2bab73290bd000ea2bab73290bd
2026-01-23 15:50:55.287,WIN-ACCT-WS22,svc-build,1,sshd,"sshd",explorer.exe,,,SHA256=0000c7d13592e31a0000c7d13592e31a0000c7d13592e31a0000c7d13592e31a
2026-01-23 15:58:29.716,WIN-FS02,svc-export,1,git,"git",launchd,,,SHA256=001960bc1e85d037001960bc1e85d037001960bc1e85d037001960bc1e85d037
2026-01-23 16:08:12.151,WIN-FS02,svc-build,1,sshd,"sshd",launchd,,,SHA256=001e036a0a824268001e036a0a824268001e036a0a824268001e036a0a824268
2026-01-23 16:14:33.414,WIN-ACCT-WS22,j.duran,1,python3,"python3",systemd,,,SHA256=000570b9ebc22e73000570b9ebc22e73000570b9ebc22e73000570b9ebc22e73
2026-01-23 16:21:08.338,WIN-ITADMIN-03,svc_backup,1,outlook.exe,"outlook.exe",explorer.exe,,,SHA256=0018b829c701897e0018b829c701897e0018b829c701897e0018b829c701897e
2026-01-23 16:30:02.238,WIN-FS02,svc-build,1,slack.exe,"slack.exe",explorer.exe,,,SHA256=000e0e988b3011af000e0e988b3011af000e0e988b3011af000e0e988b3011af
2026-01-23 16:35:20.080,WIN-FS02,iam.automation,1,powershell.exe,"powershell.exe",explorer.exe,,,SHA256=0005cbe1390447d30005cbe1390447d30005cbe1390447d30005cbe1390447d3
2026-01-23 16:39:37.582,WIN-ACCT-WS22,svc-build,1,slack.exe,"slack.exe",explorer.exe,,,SHA256=0003a4c89fb8b7a00003a4c89fb8b7a00003a4c89fb8b7a00003a4c89fb8b7a0
2026-01-23 16:46:47.037,WIN-FS02,iam.automation,1,chrome.exe,"chrome.exe",explorer.exe,,,SHA256=000c071ce32f616e000c071ce32f616e000c071ce32f616e000c071ce32f616e
2026-01-23 16:50:54.975,LINUX-ESXI-MGMT,svc-build,1,python3,"python3",cmd.exe,,,SHA256=000a567b287a9378000a567b287a9378000a567b287a9378000a567b287a9378
2026-01-23 16:57:34.008,WIN-ITADMIN-03,svc-export,1,git,"git",launchd,,,SHA256=0003c932846812060003c932846812060003c932846812060003c93284681206
2026-01-23 17:06:16.270,WIN-ACCT-WS22,svc-build,1,outlook.exe,"outlook.exe",launchd,,,SHA256=00085076c33de51700085076c33de51700085076c33de51700085076c33de517
2026-01-23 17:11:38.400,LINUX-ESXI-MGMT,iam.automation,1,node,"node",explorer.exe,,,SHA256=0004381eb4e9cf570004381eb4e9cf570004381eb4e9cf570004381eb4e9cf57
2026-01-23 17:20:54.454,WIN-ACCT-WS22,svc_backup,1,node,"node",cmd.exe,,,SHA256=0011f5f0c3f3258e0011f5f0c3f3258e0011f5f0c3f3258e0011f5f0c3f3258e
2026-01-23 17:27:28.583,K8S-PROD-01,iam.automation,1,slack.exe,"slack.exe",explorer.exe,,,SHA256=0006a20a8666c6c60006a20a8666c6c60006a20a8666c6c60006a20a8666c6c6
2026-01-23 17:31:17.764,LINUX-ESXI-MGMT,svc-build,1,powershell.exe,"powershell.exe",systemd,,,SHA256=000110205cb724db000110205cb724db000110205cb724db000110205cb724db
2026-01-23 17:36:08.867,K8S-PROD-01,svc-export,1,outlook.exe,"outlook.exe",launchd,,,SHA256=0002c7d5bafdf2370002c7d5bafdf2370002c7d5bafdf2370002c7d5bafdf237
2026-01-23 17:42:05.400,WIN-ACCT-WS22,svc-build,1,slack.exe,"slack.exe",cmd.exe,,,SHA256=0008bd9e0762f4e20008bd9e0762f4e20008bd9e0762f4e20008bd9e0762f4e2
2026-01-23 17:47:47.470,WIN-ACCT-WS22,svc-export,1,slack.exe,"slack.exe",launchd,,,SHA256=0021cf6f15f5002e0021cf6f15f5002e0021cf6f15f5002e0021cf6f15f5002e
2026-01-23 17:58:22.776,WIN-ACCT-WS22,r.singh,1,powershell.exe,"powershell.exe",explorer.exe,,,SHA256=001a76e754c0fda9001a76e754c0fda9001a76e754c0fda9001a76e754c0fda9
2026-01-23 18:02:14.470,WIN-FS02,j.duran,1,slack.exe,"slack.exe",launchd,,,SHA256=002062b726108b22002062b726108b22002062b726108b22002062b726108b22
2026-01-23 18:11:09.858,WIN-FS02,svc-build,1,git,"git",systemd,,,SHA256=00232f84fa0ed6d600232f84fa0ed6d600232f84fa0ed6d600232f84fa0ed6d6
2026-01-23 18:15:57.356,WIN-ITADMIN-03,svc-export,1,outlook.exe,"outlook.exe",explorer.exe,,,SHA256=000efa3c1feb5c27000efa3c1feb5c27000efa3c1feb5c27000efa3c1feb5c27
2026-01-23 18:18:31.768,WIN-ITADMIN-03,svc-export,1,chrome.exe,"chrome.exe",explorer.exe,,,SHA256=0022e437f6cdc26c0022e437f6cdc26c0022e437f6cdc26c0022e437f6cdc26c
2026-01-23 18:23:12.419,LINUX-BUILD-01,svc-build,1,powershell.exe,"powershell.exe",systemd,,,SHA256=0013cf9992bcb4be0013cf9992bcb4be0013cf9992bcb4be0013cf9992bcb4be
2026-01-23 18:29:06.465,WIN-ITADMIN-03,a.cho,1,slack.exe,"slack.exe",launchd,,,SHA256=002278f0571ae4c4002278f0571ae4c4002278f0571ae4c4002278f0571ae4c4
2026-01-23 18:37:50.855,WIN-ACCT-WS22,svc-build,1,powershell.exe,"powershell.exe",launchd,,,SHA256=000bf4cb6844dbf5000bf4cb6844dbf5000bf4cb6844dbf5000bf4cb6844dbf5
2026-01-23 18:46:59.923,LINUX-BUILD-01,svc-export,1,python3,"python3",explorer.exe,,,SHA256=0014ab0cb2b895c80014ab0cb2b895c80014ab0cb2b895c80014ab0cb2b895c8
2026-01-23 18:54:49.073,WIN-FS02,r.singh,1,python3,"python3",cmd.exe,,,SHA256=00157672ac486ac500157672ac486ac500157672ac486ac500157672ac486ac5
2026-01-23 18:58:24.875,WIN-ITADMIN-03,svc_backup,1,python3,"python3",explorer.exe,,,SHA256=002252f574256776002252f574256776002252f574256776002252f574256776
2026-01-23 19:04:53.315,LINUX-BUILD-01,svc_backup,1,python3,"python3",systemd,,,SHA256=0007b7f1995d13ab0007b7f1995d13ab0007b7f1995d13ab0007b7f1995d13ab
2026-01-23 19:14:54.780,WIN-ACCT-WS22,svc-export,1,outlook.exe,"outlook.exe",explorer.exe,,,SHA256=001d3793e240bd93001d3793e240bd93001d3793e240bd93001d3793e240bd93
2026-01-23 19:23:59.340,WIN-FS02,r.singh,1,slack.exe,"slack.exe",systemd,,,SHA256=0011ea6a1d58e1870011ea6a1d58e1870011ea6a1d58e1870011ea6a1d58e187
2026-01-23 19:33:10.348,LINUX-BUILD-01,j.duran,1,outlook.exe,"outlook.exe",cmd.exe,,,SHA256=000eb7a98d4412ac000eb7a98d4412ac000eb7a98d4412ac000eb7a98d4412ac
2026-01-23 19:40:48.540,LINUX-ESXI-MGMT,svc-export,1,outlook.exe,"outlook.exe",cmd.exe,,,SHA256=00087533cc0329b300087533cc0329b300087533cc0329b300087533cc0329b3
2026-01-23 19:48:51.520,LINUX-ESXI-MGMT,a.cho,1,powershell.exe,"powershell.exe",cmd.exe,,,SHA256=00213337926d465400213337926d465400213337926d465400213337926d4654
2026-01-23 19:57:12.468,LINUX-BUILD-01,svc_backup,1,git,"git",explorer.exe,,,SHA256=00158924f97bad6600158924f97bad6600158924f97bad6600158924f97bad66
2026-01-23 20:07:13.489,K8S-PROD-01,svc-build,1,powershell.exe,"powershell.exe",launchd,,,SHA256=001d6223e234909b001d6223e234909b001d6223e234909b001d6223e234909b
2026-01-23 20:17:18.413,LINUX-BUILD-01,j.duran,1,python3,"python3",explorer.exe,,,SHA256=00206ad84b55a64a00206ad84b55a64a00206ad84b55a64a00206ad84b55a64a
2026-01-23 20:27:40.912,WIN-ITADMIN-03,svc-export,1,powershell.exe,"powershell.exe",launchd,,,SHA256=0020ec7fae62f6cc0020ec7fae62f6cc0020ec7fae62f6cc0020ec7fae62f6cc
2026-01-23 20:30:59.247,K8S-PROD-01,j.duran,1,slack.exe,"slack.exe",launchd,,,SHA256=002354f9f2b7ba5a002354f9f2b7ba5a002354f9f2b7ba5a002354f9f2b7ba5a
2026-01-23 20:36:40.146,K8S-PROD-01,j.duran,1,node,"node",cmd.exe,,,SHA256=0012aa25a8b05d6b0012aa25a8b05d6b0012aa25a8b05d6b0012aa25a8b05d6b
2026-01-23 20:42:51.426,WIN-FS02,iam.automation,1,python3,"python3",systemd,,,SHA256=001500c504281300001500c504281300001500c504281300001500c504281300
2026-01-23 20:50:44.913,WIN-ITADMIN-03,svc_backup,1,slack.exe,"slack.exe",launchd,,,SHA256=0019bd562e22936c0019bd562e22936c0019bd562e22936c0019bd562e22936c
2026-01-23 20:54:35.621,LINUX-BUILD-01,svc-build,1,powershell.exe,"powershell.exe",cmd.exe,,,SHA256=000525d81a2a136d000525d81a2a136d000525d81a2a136d000525d81a2a136d
2026-01-23 21:05:56.464,K8S-PROD-01,iam.automation,1,chrome.exe,"chrome.exe",cmd.exe,,,SHA256=001846588ef7f2b6001846588ef7f2b6001846588ef7f2b6001846588ef7f2b6
2026-01-23 21:15:55.115,WIN-ACCT-WS22,r.singh,1,slack.exe,"slack.exe",explorer.exe,,,SHA256=001b73a3fd7c6a3b001b73a3fd7c6a3b001b73a3fd7c6a3b001b73a3fd7c6a3b
2026-01-23 21:22:54.922,WIN-FS02,svc-build,1,python3,"python3",explorer.exe,,,SHA256=0016126977f471da0016126977f471da0016126977f471da0016126977f471da
2026-01-23 21:27:17.696,WIN-ACCT-WS22,iam.automation,1,slack.exe,"slack.exe",systemd,,,SHA256=000de18139f57a3f000de18139f57a3f000de18139f57a3f000de18139f57a3f
2026-01-23 21:32:44.095,K8S-PROD-01,svc-export,1,outlook.exe,"outlook.exe",cmd.exe,,,SHA256=00185c4e33ff430e00185c4e33ff430e00185c4e33ff430e00185c4e33ff430e
2026-01-23 21:38:47.408,LINUX-ESXI-MGMT,j.duran,1,python3,"python3",cmd.exe,,,SHA256=00080a4f8ebd56b200080a4f8ebd56b200080a4f8ebd56b200080a4f8ebd56b2
2026-01-23 21:44:27.701,WIN-ITADMIN-03,iam.automation,1,sshd,"sshd",launchd,,,SHA256=00017ed5a53e5c6e00017ed5a53e5c6e00017ed5a53e5c6e00017ed5a53e5c6e
2026-01-23 21:48:23.169,LINUX-BUILD-01,svc-export,1,powershell.exe,"powershell.exe",launchd,,,SHA256=000730270d70ce82000730270d70ce82000730270d70ce82000730270d70ce82
2026-01-23 21:59:00.562,LINUX-BUILD-01,svc-export,1,sshd,"sshd",launchd,,,SHA256=001c5b4c70cd8576001c5b4c70cd8576001c5b4c70cd8576001c5b4c70cd8576
2026-01-23 22:08:21.865,WIN-ACCT-WS22,r.singh,1,sshd,"sshd",cmd.exe,,,SHA256=0020f54e5e1042f40020f54e5e1042f40020f54e5e1042f40020f54e5e1042f4
2026-01-23 22:12:13.934,WIN-FS02,r.singh,1,powershell.exe,"powershell.exe",explorer.exe,,,SHA256=001605c34949c5b9001605c34949c5b9001605c34949c5b9001605c34949c5b9
2026-01-23 22:23:14.150,LINUX-ESXI-MGMT,svc-build,1,chrome.exe,"chrome.exe",systemd,,,SHA256=0009e8fd20ef457d0009e8fd20ef457d0009e8fd20ef457d0009e8fd20ef457d
2026-01-23 22:34:19.787,K8S-PROD-01,a.cho,1,chrome.exe,"chrome.exe",explorer.exe,,,SHA256=00054e89360450e500054e89360450e500054e89360450e500054e89360450e5
2026-01-23 22:45:01.844,LINUX-BUILD-01,a.cho,1,node,"node",systemd,,,SHA256=001caab23ce638e0001caab23ce638e0001caab23ce638e0001caab23ce638e0
2026-01-23 22:48:14.462,WIN-FS02,r.singh,1,slack.exe,"slack.exe",launchd,,,SHA256=0014bfac0d2d4bfb0014bfac0d2d4bfb0014bfac0d2d4bfb0014bfac0d2d4bfb
2026-01-23 22:54:36.397,K8S-PROD-01,iam.automation,1,python3,"python3",cmd.exe,,,SHA256=001016f74ecb718a001016f74ecb718a001016f74ecb718a001016f74ecb718a
2026-01-23 22:57:47.764,WIN-ACCT-WS22,a.cho,1,slack.exe,"slack.exe",launchd,,,SHA256=0000ec4e5b1807c80000ec4e5b1807c80000ec4e5b1807c80000ec4e5b1807c8
2026-01-23 23:03:58.555,LINUX-ESXI-MGMT,a.cho,1,sshd,"sshd",explorer.exe,,,SHA256=000af9ebac26912c000af9ebac26912c000af9ebac26912c000af9ebac26912c
2026-01-23 23:08:59.159,LINUX-ESXI-MGMT,a.cho,1,slack.exe,"slack.exe",cmd.exe,,,SHA256=00106635dbed8ca900106635dbed8ca900106635dbed8ca900106635dbed8ca9
2026-01-23 23:16:29.955,WIN-ITADMIN-03,iam.automation,1,slack.exe,"slack.exe",cmd.exe,,,SHA256=000e70048682199a000e70048682199a000e70048682199a000e70048682199a
2026-01-23 23:24:48.396,WIN-ITADMIN-03,svc_backup,1,slack.exe,"slack.exe",cmd.exe,,,SHA256=00110ea8222d937f00110ea8222d937f00110ea8222d937f00110ea8222d937f
2026-01-23 23:36:08.029,K8S-PROD-01,svc_backup,1,python3,"python3",systemd,,,SHA256=001b3ebc6d5d72e2001b3ebc6d5d72e2001b3ebc6d5d72e2001b3ebc6d5d72e2
2026-01-23 23:42:43.470,LINUX-BUILD-01,a.cho,1,chrome.exe,"chrome.exe",cmd.exe,,,SHA256=00033bb3e3c147ef00033bb3e3c147ef00033bb3e3c147ef00033bb3e3c147ef
2026-01-23 23:52:46.200,WIN-FS02,a.cho,1,sshd,"sshd",explorer.exe,,,SHA256=000722fc1ed8e0ad000722fc1ed8e0ad000722fc1ed8e0ad000722fc1ed8e0ad
2026-01-23 23:55:54.486,LINUX-ESXI-MGMT,iam.automation,1,powershell.exe,"powershell.exe",explorer.exe,,,SHA256=0008db16ce276fdd0008db16ce276fdd0008db16ce276fdd0008db16ce276fdd
2026-01-24 00:02:01.993,WIN-ITADMIN-03,svc-build,1,powershell.exe,"powershell.exe",systemd,,,SHA256=0014dcf7bf7422dc0014dcf7bf7422dc0014dcf7bf7422dc0014dcf7bf7422dc
2026-01-24 00:06:57.608,K8S-PROD-01,svc-build,1,sshd,"sshd",explorer.exe,,,SHA256=0021af8f8906d42a0021af8f8906d42a0021af8f8906d42a0021af8f8906d42a
2026-01-24 00:10:46.297,LINUX-ESXI-MGMT,a.cho,1,sshd,"sshd",launchd,,,SHA256=0015fc3db310bd5d0015fc3db310bd5d0015fc3db310bd5d0015fc3db310bd5d
2026-01-24 00:20:58.886,WIN-FS02,iam.automation,1,git,"git",systemd,,,SHA256=00232035baa306aa00232035baa306aa00232035baa306aa00232035baa306aa
2026-01-24 00:29:47.652,LINUX-BUILD-01,svc-build,1,outlook.exe,"outlook.exe",cmd.exe,,,SHA256=0008d17b143e234d0008d17b143e234d0008d17b143e234d0008d17b143e234d
2026-01-24 00:37:23.405,LINUX-BUILD-01,svc-build,1,powershell.exe,"powershell.exe",systemd,,,SHA256=001be5499e1de16b001be5499e1de16b001be5499e1de16b001be5499e1de16b
2026-01-24 00:47:16.052,LINUX-BUILD-01,a.cho,1,sshd,"sshd",explorer.exe,,,SHA256=000b4c2c3be14153000b4c2c3be14153000b4c2c3be14153000b4c2c3be14153
2026-01-24 00:54:00.799,K8S-PROD-01,r.singh,1,sshd,"sshd",launchd,,,SHA256=001d012369975b24001d012369975b24001d012369975b24001d012369975b24
2026-01-24 01:02:31.373,LINUX-ESXI-MGMT,iam.automation,1,python3,"python3",cmd.exe,,,SHA256=0003e93842cb23390003e93842cb23390003e93842cb23390003e93842cb2339
2026-01-24 01:08:33.816,WIN-FS02,svc-build,1,python3,"python3",cmd.exe,,,SHA256=0014a9049b398cf90014a9049b398cf90014a9049b398cf90014a9049b398cf9
2026-01-24 01:11:52.181,K8S-PROD-01,iam.automation,1,outlook.exe,"outlook.exe",launchd,,,SHA256=001c5bef3187b0ce001c5bef3187b0ce001c5bef3187b0ce001c5bef3187b0ce
2026-01-24 01:14:42.239,WIN-FS02,iam.automation,1,powershell.exe,"powershell.exe",launchd,,,SHA256=00060e7290ec057700060e7290ec057700060e7290ec057700060e7290ec0577
2026-01-24 01:23:21.277,K8S-PROD-01,svc-export,1,node,"node",systemd,,,SHA256=00015cd72446bdfa00015cd72446bdfa00015cd72446bdfa00015cd72446bdfa
2026-01-24 01:33:30.084,K8S-PROD-01,svc_backup,1,sshd,"sshd",cmd.exe,,,SHA256=001cb1cfcbd3c4ce001cb1cfcbd3c4ce001cb1cfcbd3c4ce001cb1cfcbd3c4ce
2026-01-24 01:43:14.978,WIN-FS02,svc_backup,1,slack.exe,"slack.exe",cmd.exe,,,SHA256=00066c7b6b96ea2100066c7b6b96ea2100066c7b6b96ea2100066c7b6b96ea21
2026-01-24 01:53:09.647,LINUX-BUILD-01,svc-export,1,git,"git",cmd.exe,,,SHA256=0022c8a5dcb57e4a0022c8a5dcb57e4a0022c8a5dcb57e4a0022c8a5dcb57e4a
2026-01-24 02:03:23.742,LINUX-BUILD-01,svc-build,1,slack.exe,"slack.exe",launchd,,,SHA256=001dd0ee9b660abc001dd0ee9b660abc001dd0ee9b660abc001dd0ee9b660abc
2026-01-24 02:12:31.558,WIN-FS02,svc-export,1,python3,"python3",cmd.exe,,,SHA256=00000c031e8efb1600000c031e8efb1600000c031e8efb1600000c031e8efb16
2026-01-24 02:19:22.393,LINUX-BUILD-01,iam.automation,1,sshd,"sshd",cmd.exe,,,SHA256=001c6d90a8611d33001c6d90a8611d33001c6d90a8611d33001c6d90a8611d33
2026-01-24 02:26:55.665,K8S-PROD-01,svc-build,1,outlook.exe,"outlook.exe",systemd,,,SHA256=00051328d5d7ba3400051328d5d7ba3400051328d5d7ba3400051328d5d7ba34
2026-01-24 02:33:48.802,LINUX-BUILD-01,r.singh,1,slack.exe,"slack.exe",launchd,,,SHA256=00120a33f81bfbff00120a33f81bfbff00120a33f81bfbff00120a33f81bfbff
2026-01-24 02:36:33.169,WIN-FS02,a.cho,1,slack.exe,"slack.exe",systemd,,,SHA256=00174e67c64b29b600174e67c64b29b600174e67c64b29b600174e67c64b29b6
2026-01-24 02:45:00.517,LINUX-ESXI-MGMT,svc-export,1,sshd,"sshd",systemd,,,SHA256=00159c42a35d52ff00159c42a35d52ff00159c42a35d52ff00159c42a35d52ff
2026-01-24 02:52:36.064,WIN-ACCT-WS22,iam.automation,1,outlook.exe,"outlook.exe",cmd.exe,,,SHA256=000bb78df7661540000bb78df7661540000bb78df7661540000bb78df7661540
2026-01-24 03:02:19.467,LINUX-ESXI-MGMT,svc_backup,1,slack.exe,"slack.exe",launchd,,,SHA256=000a3dd543e38f19000a3dd543e38f19000a3dd543e38f19000a3dd543e38f19
2026-01-24 03:06:05.565,LINUX-BUILD-01,j.duran,1,node,"node",cmd.exe,,,SHA256=000f015811d825c1000f015811d825c1000f015811d825c1000f015811d825c1
2026-01-24 03:13:45.472,LINUX-BUILD-01,j.duran,1,git,"git",systemd,,,SHA256=000de75bb2a8c514000de75bb2a8c514000de75bb2a8c514000de75bb2a8c514
2026-01-24 03:22:16.830,LINUX-ESXI-MGMT,r.singh,1,python3,"python3",launchd,,,SHA256=0002f1155c1a8e6f0002f1155c1a8e6f0002f1155c1a8e6f0002f1155c1a8e6f
2026-01-24 03:25:19.935,WIN-ACCT-WS22,svc-build,1,git,"git",cmd.exe,,,SHA256=0013730dbb8bcbb30013730dbb8bcbb30013730dbb8bcbb30013730dbb8bcbb3
2026-01-24 03:28:12.896,LINUX-BUILD-01,r.singh,1,git,"git",systemd,,,SHA256=0016162472654303001616247265430300161624726543030016162472654303
2026-01-24 03:31:51.703,WIN-ITADMIN-03,iam.automation,1,slack.exe,"slack.exe",launchd,,,SHA256=001c64f9920a0514001c64f9920a0514001c64f9920a0514001c64f9920a0514
2026-01-24 03:43:06.402,LINUX-ESXI-MGMT,svc-build,1,outlook.exe,"outlook.exe",systemd,,,SHA256=000881862ac95334000881862ac95334000881862ac95334000881862ac95334
2026-01-24 03:53:57.715,WIN-ACCT-WS22,svc_backup,1,sshd,"sshd",launchd,,,SHA256=001057369313934a001057369313934a001057369313934a001057369313934a
2026-01-24 03:57:43.256,LINUX-ESXI-MGMT,iam.automation,1,sshd,"sshd",explorer.exe,,,SHA256=0002906fb88e47780002906fb88e47780002906fb88e47780002906fb88e4778
2026-01-24 04:02:01.682,WIN-ITADMIN-03,j.duran,1,sshd,"sshd",systemd,,,SHA256=0006a5cf28c0f4370006a5cf28c0f4370006a5cf28c0f4370006a5cf28c0f437
2026-01-24 04:08:08.071,WIN-FS02,a.cho,1,powershell.exe,"powershell.exe",systemd,,,SHA256=00179abb68369af800179abb68369af800179abb68369af800179abb68369af8
2026-01-24 04:12:14.661,K8S-PROD-01,iam.automation,1,sshd,"sshd",explorer.exe,,,SHA256=0011fd6193d440ae0011fd6193d440ae0011fd6193d440ae0011fd6193d440ae
2026-01-24 04:14:46.787,WIN-FS02,svc_backup,1,powershell.exe,"powershell.exe",explorer.exe,,,SHA256=00081621e19faed300081621e19faed300081621e19faed300081621e19faed3
2026-01-24 04:19:32.019,LINUX-ESXI-MGMT,iam.automation,1,git,"git",launchd,,,SHA256=000996ac586a8ac7000996ac586a8ac7000996ac586a8ac7000996ac586a8ac7
2026-01-24 04:22:47.537,LINUX-BUILD-01,svc-build,1,chrome.exe,"chrome.exe",cmd.exe,,,SHA256=000a7733db1bd296000a7733db1bd296000a7733db1bd296000a7733db1bd296
2026-01-24 04:31:41.906,WIN-ITADMIN-03,svc-export,1,python3,"python3",explorer.exe,,,SHA256=001bd8dc86b41784001bd8dc86b41784001bd8dc86b41784001bd8dc86b41784
2026-01-24 04:42:16.437,WIN-FS02,a.cho,1,sshd,"sshd",explorer.exe,,,SHA256=0016540e4a3d3dfa0016540e4a3d3dfa0016540e4a3d3dfa0016540e4a3d3dfa
2026-01-24 04:46:50.973,K8S-PROD-01,r.singh,1,powershell.exe,"powershell.exe",systemd,,,SHA256=0014ec4d89a56fa40014ec4d89a56fa40014ec4d89a56fa40014ec4d89a56fa4
2026-01-24 04:54:10.612,LINUX-BUILD-01,j.duran,1,sshd,"sshd",systemd,,,SHA256=0011a1a5025c17de0011a1a5025c17de0011a1a5025c17de0011a1a5025c17de
2026-01-24 05:04:33.707,WIN-FS02,svc-export,1,outlook.exe,"outlook.exe",launchd,,,SHA256=00049559992583c500049559992583c500049559992583c500049559992583c5
2026-01-24 05:08:06.370,LINUX-ESXI-MGMT,r.singh,1,slack.exe,"slack.exe",explorer.exe,,,SHA256=0017a674427ae6860017a674427ae6860017a674427ae6860017a674427ae686
2026-01-24 05:18:02.375,WIN-FS02,j.duran,1,sshd,"sshd",systemd,,,SHA256=001c1d7141ca5fc0001c1d7141ca5fc0001c1d7141ca5fc0001c1d7141ca5fc0
2026-01-24 05:26:26.095,K8S-PROD-01,j.duran,1,slack.exe,"slack.exe",launchd,,,SHA256=001a1f26501d0514001a1f26501d0514001a1f26501d0514001a1f26501d0514
2026-01-24 05:29:55.192,LINUX-BUILD-01,svc_backup,1,slack.exe,"slack.exe",systemd,,,SHA256=0001e8867bf7293e0001e8867bf7293e0001e8867bf7293e0001e8867bf7293e
2026-01-24 05:33:43.036,K8S-PROD-01,iam.automation,1,powershell.exe,"powershell.exe",cmd.exe,,,SHA256=001754b8f520fa46001754b8f520fa46001754b8f520fa46001754b8f520fa46
2026-01-24 05:45:10.955,WIN-ITADMIN-03,iam.automation,1,chrome.exe,"chrome.exe",launchd,,,SHA256=0019a5bb642e65a10019a5bb642e65a10019a5bb642e65a10019a5bb642e65a1
2026-01-24 05:52:28.786,WIN-ACCT-WS22,svc-export,1,node,"node",systemd,,,SHA256=0013dd36c651cc700013dd36c651cc700013dd36c651cc700013dd36c651cc70
2026-01-24 06:02:59.015,WIN-ACCT-WS22,svc_backup,1,outlook.exe,"outlook.exe",systemd,,,SHA256=001182c28f27c311001182c28f27c311001182c28f27c311001182c28f27c311
2026-01-24 06:11:03.897,LINUX-BUILD-01,svc_backup,1,node,"node",systemd,,,SHA256=00085275c299aeba00085275c299aeba00085275c299aeba00085275c299aeba
2026-01-24 06:21:04.073,K8S-PROD-01,a.cho,1,node,"node",explorer.exe,,,SHA256=000b9f4afe70e0e3000b9f4afe70e0e3000b9f4afe70e0e3000b9f4afe70e0e3
2026-01-24 06:24:17.670,LINUX-ESXI-MGMT,iam.automation,1,powershell.exe,"powershell.exe",explorer.exe,,,SHA256=001fb2fbe671a39d001fb2fbe671a39d001fb2fbe671a39d001fb2fbe671a39d
2026-01-24 06:35:45.920,LINUX-BUILD-01,svc_backup,1,outlook.exe,"outlook.exe",launchd,,,SHA256=000cf943c78ad331000cf943c78ad331000cf943c78ad331000cf943c78ad331
2026-01-24 06:39:18.810,K8S-PROD-01,iam.automation,1,python3,"python3",systemd,,,SHA256=0001af89ae0df09a0001af89ae0df09a0001af89ae0df09a0001af89ae0df09a
2026-01-24 06:48:24.863,WIN-ACCT-WS22,svc-export,1,outlook.exe,"outlook.exe",cmd.exe,,,SHA256=000d39f50f965db5000d39f50f965db5000d39f50f965db5000d39f50f965db5
2026-01-24 06:55:04.250,WIN-ITADMIN-03,j.duran,1,git,"git",systemd,,,SHA256=0016d9f035557f3c0016d9f035557f3c0016d9f035557f3c0016d9f035557f3c
2026-01-24 06:58:24.207,LINUX-ESXI-MGMT,j.duran,1,node,"node",explorer.exe,,,SHA256=00219bc56ebc21e800219bc56ebc21e800219bc56ebc21e800219bc56ebc21e8
2026-01-24 07:07:29.065,WIN-ITADMIN-03,svc-build,1,outlook.exe,"outlook.exe",systemd,,,SHA256=001b8d7f3e2b8750001b8d7f3e2b8750001b8d7f3e2b8750001b8d7f3e2b8750
2026-01-24 07:17:51.777,WIN-FS02,r.singh,1,node,"node",cmd.exe,,,SHA256=00227b4cfaad3c5a00227b4cfaad3c5a00227b4cfaad3c5a00227b4cfaad3c5a
2026-01-24 07:23:26.041,LINUX-BUILD-01,j.duran,1,git,"git",cmd.exe,,,SHA256=0016315e90491e610016315e90491e610016315e90491e610016315e90491e61
2026-01-24 07:31:23.107,WIN-ITADMIN-03,a.cho,1,outlook.exe,"outlook.exe",explorer.exe,,,SHA256=0001e26380560d520001e26380560d520001e26380560d520001e26380560d52
2026-01-24 07:38:19.075,WIN-ACCT-WS22,a.cho,1,outlook.exe,"outlook.exe",cmd.exe,,,SHA256=0010213941558878001021394155887800102139415588780010213941558878
2026-01-24 07:40:59.533,WIN-ITADMIN-03,r.singh,1,sshd,"sshd",systemd,,,SHA256=0020dc51f43f28a80020dc51f43f28a80020dc51f43f28a80020dc51f43f28a8
2026-01-24 07:52:00.210,LINUX-BUILD-01,svc-export,1,outlook.exe,"outlook.exe",systemd,,,SHA256=001beb6836c16613001beb6836c16613001beb6836c16613001beb6836c16613
2026-01-24 08:02:55.059,WIN-ACCT-WS22,j.duran,1,chrome.exe,"chrome.exe",systemd,,,SHA256=0001936aaec1a8e10001936aaec1a8e10001936aaec1a8e10001936aaec1a8e1
2026-01-24 08:10:35.733,LINUX-ESXI-MGMT,svc_backup,1,git,"git",systemd,,,SHA256=0004065ed2c91b640004065ed2c91b640004065ed2c91b640004065ed2c91b64
2026-01-24 08:18:36.481,WIN-FS02,r.singh,1,chrome.exe,"chrome.exe",launchd,,,SHA256=001f5998b9d2618b001f5998b9d2618b001f5998b9d2618b001f5998b9d2618b
2026-01-24 08:29:32.391,WIN-FS02,svc-export,1,powershell.exe,"powershell.exe",explorer.exe,,,SHA256=001ae90de6420cce001ae90de6420cce001ae90de6420cce001ae90de6420cce
2026-01-24 08:40:41.902,WIN-ITADMIN-03,a.cho,1,chrome.exe,"chrome.exe",systemd,,,SHA256=001657a666c3acda001657a666c3acda001657a666c3acda001657a666c3acda
2026-01-24 08:46:10.415,WIN-FS02,iam.automation,1,git,"git",cmd.exe,,,SHA256=0019ee6d34e58c9c0019ee6d34e58c9c0019ee6d34e58c9c0019ee6d34e58c9c
2026-01-24 08:50:33.362,LINUX-ESXI-MGMT,svc-build,1,outlook.exe,"outlook.exe",cmd.exe,,,SHA256=000ab07935f0d081000ab07935f0d081000ab07935f0d081000ab07935f0d081
2026-01-24 08:53:55.635,LINUX-BUILD-01,j.duran,1,node,"node",systemd,,,SHA256=00193064b92f960200193064b92f960200193064b92f960200193064b92f9602
2026-01-24 09:04:19.964,LINUX-ESXI-MGMT,svc_backup,1,slack.exe,"slack.exe",launchd,,,SHA256=001163e74bde35d4001163e74bde35d4001163e74bde35d4001163e74bde35d4
2026-01-24 09:07:58.643,WIN-ACCT-WS22,a.cho,1,slack.exe,"slack.exe",systemd,,,SHA256=001169f56e60b158001169f56e60b158001169f56e60b158001169f56e60b158
2026-01-24 09:12:18.481,LINUX-ESXI-MGMT,j.duran,1,git,"git",launchd,,,SHA256=00081c9d4dc0f11d00081c9d4dc0f11d00081c9d4dc0f11d00081c9d4dc0f11d
2026-01-24 09:22:14.531,K8S-PROD-01,svc-build,1,slack.exe,"slack.exe",explorer.exe,,,SHA256=00126f11e90b9d9300126f11e90b9d9300126f11e90b9d9300126f11e90b9d93
2026-01-24 09:27:39.062,LINUX-BUILD-01,j.duran,1,sshd,"sshd",launchd,,,SHA256=001987211f40543d001987211f40543d001987211f40543d001987211f40543d
2026-01-24 09:30:12.406,WIN-FS02,a.cho,1,slack.exe,"slack.exe",explorer.exe,,,SHA256=000d0399286f9b06000d0399286f9b06000d0399286f9b06000d0399286f9b06
2026-01-24 09:40:34.283,LINUX-ESXI-MGMT,iam.automation,1,outlook.exe,"outlook.exe",launchd,,,SHA256=001fc9860ae58886001fc9860ae58886001fc9860ae58886001fc9860ae58886
2026-01-24 09:47:09.476,WIN-ITADMIN-03,r.singh,1,node,"node",systemd,,,SHA256=00091de4c35e735900091de4c35e735900091de4c35e735900091de4c35e7359
2026-01-24 09:57:10.405,LINUX-ESXI-MGMT,r.singh,1,chrome.exe,"chrome.exe",systemd,,,SHA256=000257a7b3b96bd6000257a7b3b96bd6000257a7b3b96bd6000257a7b3b96bd6
2026-01-24 10:01:00.134,WIN-FS02,a.cho,1,python3,"python3",explorer.exe,,,SHA256=00002fbaf2519ac800002fbaf2519ac800002fbaf2519ac800002fbaf2519ac8
2026-01-24 10:10:10.337,WIN-FS02,a.cho,1,outlook.exe,"outlook.exe",launchd,,,SHA256=000421b5c02a2cf7000421b5c02a2cf7000421b5c02a2cf7000421b5c02a2cf7
2026-01-24 10:15:56.107,LINUX-BUILD-01,a.cho,1,sshd,"sshd",launchd,,,SHA256=0022be9c618d06a00022be9c618d06a00022be9c618d06a00022be9c618d06a0
2026-01-24 10:23:58.411,LINUX-ESXI-MGMT,svc-build,1,slack.exe,"slack.exe",cmd.exe,,,SHA256=002383893a036334002383893a036334002383893a036334002383893a036334
2026-01-24 10:27:49.332,WIN-ACCT-WS22,iam.automation,1,git,"git",launchd,,,SHA256=002106fb560e94f6002106fb560e94f6002106fb560e94f6002106fb560e94f6
2026-01-24 10:32:27.727,WIN-ITADMIN-03,iam.automation,1,sshd,"sshd",explorer.exe,,,SHA256=00123312a7049d3f00123312a7049d3f00123312a7049d3f00123312a7049d3f
2026-01-24 10:43:14.884,WIN-FS02,svc-export,1,node,"node",cmd.exe,,,SHA256=001d911cf4d621a7001d911cf4d621a7001d911cf4d621a7001d911cf4d621a7
2026-01-24 10:51:11.420,WIN-ITADMIN-03,a.cho,1,git,"git",launchd,,,SHA256=00148f668bc9a34000148f668bc9a34000148f668bc9a34000148f668bc9a340
2026-01-24 10:54:46.867,WIN-ITADMIN-03,svc-export,1,sshd,"sshd",launchd,,,SHA256=0001d5695297a4960001d5695297a4960001d5695297a4960001d5695297a496
2026-01-24 11:03:29.848,WIN-FS02,a.cho,1,python3,"python3",systemd,,,SHA256=0012fad50c11e8400012fad50c11e8400012fad50c11e8400012fad50c11e840
2026-01-24 11:08:05.832,LINUX-BUILD-01,iam.automation,1,python3,"python3",systemd,,,SHA256=00112156c304f52300112156c304f52300112156c304f52300112156c304f523
2026-01-24 11:18:26.320,LINUX-BUILD-01,svc-export,1,slack.exe,"slack.exe",cmd.exe,,,SHA256=0004effc4d0ee6b60004effc4d0ee6b60004effc4d0ee6b60004effc4d0ee6b6
2026-01-24 11:26:11.909,WIN-ITADMIN-03,svc_backup,1,git,"git",launchd,,,SHA256=0011b9f804a50ee90011b9f804a50ee90011b9f804a50ee90011b9f804a50ee9
2026-01-24 11:34:14.604,WIN-FS02,svc_backup,1,powershell.exe,"powershell.exe",launchd,,,SHA256=000af05c92ee6471000af05c92ee6471000af05c92ee6471000af05c92ee6471
2026-01-24 11:43:03.437,WIN-FS02,a.cho,1,sshd,"sshd",cmd.exe,,,SHA256=001db7c56807f3bb001db7c56807f3bb001db7c56807f3bb001db7c56807f3bb
2026-01-24 11:48:22.077,LINUX-ESXI-MGMT,iam.automation,1,slack.exe,"slack.exe",launchd,,,SHA256=001c191c7c10d9a9001c191c7c10d9a9001c191c7c10d9a9001c191c7c10d9a9
2026-01-24 11:52:36.539,WIN-ITADMIN-03,iam.automation,1,sshd,"sshd",explorer.exe,,,SHA256=001ac74a77ea86df001ac74a77ea86df001ac74a77ea86df001ac74a77ea86df
2026-01-24 11:58:03.020,K8S-PROD-01,svc-export,1,powershell.exe,"powershell.exe",systemd,,,SHA256=000a3616f6d2775e000a3616f6d2775e000a3616f6d2775e000a3616f6d2775e
2026-01-24 12:04:06.698,WIN-ITADMIN-03,r.singh,1,powershell.exe,"powershell.exe",explorer.exe,,,SHA256=00035d286ab2fd8b00035d286ab2fd8b00035d286ab2fd8b00035d286ab2fd8b
2026-01-24 12:12:37.169,LINUX-ESXI-MGMT,r.singh,1,chrome.exe,"chrome.exe",systemd,,,SHA256=0019f13f6bb988fb0019f13f6bb988fb0019f13f6bb988fb0019f13f6bb988fb
2026-01-24 12:17:28.998,WIN-ACCT-WS22,iam.automation,1,python3,"python3",systemd,,,SHA256=0003add23747c09f0003add23747c09f0003add23747c09f0003add23747c09f
2026-01-24 12:27:39.258,K8S-PROD-01,a.cho,1,node,"node",systemd,,,SHA256=0019a80bc5fc2d260019a80bc5fc2d260019a80bc5fc2d260019a80bc5fc2d26
2026-01-24 12:32:19.345,K8S-PROD-01,svc-export,1,chrome.exe,"chrome.exe",explorer.exe,,,SHA256=0003b6ed8236dba30003b6ed8236dba30003b6ed8236dba30003b6ed8236dba3
2026-01-24 12:42:25.935,WIN-ITADMIN-03,svc-export,1,python3,"python3",cmd.exe,,,SHA256=000cd35ac724a1e6000cd35ac724a1e6000cd35ac724a1e6000cd35ac724a1e6
2026-01-24 12:45:54.605,LINUX-ESXI-MGMT,svc-build,1,slack.exe,"slack.exe",launchd,,,SHA256=000e644fe0e15502000e644fe0e15502000e644fe0e15502000e644fe0e15502
2026-01-24 12:49:57.033,LINUX-BUILD-01,a.cho,1,python3,"python3",cmd.exe,,,SHA256=0021411aa8249ffa0021411aa8249ffa0021411aa8249ffa0021411aa8249ffa
2026-01-24 12:52:35.195,WIN-ACCT-WS22,svc-build,1,sshd,"sshd",cmd.exe,,,SHA256=00012376f1b80b8700012376f1b80b8700012376f1b80b8700012376f1b80b87
2026-01-24 13:00:08.816,WIN-ITADMIN-03,svc-export,1,powershell.exe,"powershell.exe",cmd.exe,,,SHA256=000836ca11e98177000836ca11e98177000836ca11e98177000836ca11e98177
2026-01-24 13:04:29.324,LINUX-ESXI-MGMT,j.duran,1,outlook.exe,"outlook.exe",systemd,,,SHA256=0005b2ebff1df5170005b2ebff1df5170005b2ebff1df5170005b2ebff1df517
2026-01-24 13:13:47.443,LINUX-BUILD-01,iam.automation,1,chrome.exe,"chrome.exe",explorer.exe,,,SHA256=000ee4d10f832fa2000ee4d10f832fa2000ee4d10f832fa2000ee4d10f832fa2
2026-01-24 13:17:43.680,LINUX-ESXI-MGMT,j.duran,1,powershell.exe,"powershell.exe",explorer.exe,,,SHA256=000c3606045bdaaf000c3606045bdaaf000c3606045bdaaf000c3606045bdaaf
2026-01-24 13:22:51.517,K8S-PROD-01,svc-export,1,python3,"python3",systemd,,,SHA256=001bbbce92f3140f001bbbce92f3140f001bbbce92f3140f001bbbce92f3140f
2026-01-24 13:26:40.992,K8S-PROD-01,svc-export,1,sshd,"sshd",explorer.exe,,,SHA256=00202bd8e19beda000202bd8e19beda000202bd8e19beda000202bd8e19beda0
2026-01-24 13:33:03.206,WIN-FS02,svc-build,1,slack.exe,"slack.exe",systemd,,,SHA256=001a06e4e49d88fa001a06e4e49d88fa001a06e4e49d88fa001a06e4e49d88fa
2026-01-24 13:39:10.527,LINUX-ESXI-MGMT,svc_backup,1,outlook.exe,"outlook.exe",launchd,,,SHA256=00039c303dfad20700039c303dfad20700039c303dfad20700039c303dfad207
2026-01-24 13:46:28.065,LINUX-BUILD-01,r.singh,1,powershell.exe,"powershell.exe",launchd,,,SHA256=002007cf5aa284e4002007cf5aa284e4002007cf5aa284e4002007cf5aa284e4
2026-01-24 13:52:53.198,K8S-PROD-01,iam.automation,1,python3,"python3",systemd,,,SHA256=002063d08c45fa92002063d08c45fa92002063d08c45fa92002063d08c45fa92
2026-01-24 14:00:14.291,WIN-FS02,r.singh,1,git,"git",systemd,,,SHA256=0007f8c0aedc7d6e0007f8c0aedc7d6e0007f8c0aedc7d6e0007f8c0aedc7d6e
2026-01-24 14:04:28.588,WIN-ITADMIN-03,svc-export,1,node,"node",explorer.exe,,,SHA256=0014472eed45716f0014472eed45716f0014472eed45716f0014472eed45716f
2026-01-24 14:10:22.778,LINUX-BUILD-01,svc-export,1,sshd,"sshd",systemd,,,SHA256=000b14159301bd7c000b14159301bd7c000b14159301bd7c000b14159301bd7c
2026-01-24 14:13:26.823,LINUX-BUILD-01,iam.automation,1,powershell.exe,"powershell.exe",explorer.exe,,,SHA256=00071129369f6a9500071129369f6a9500071129369f6a9500071129369f6a95
2026-01-24 14:19:49.973,WIN-FS02,r.singh,1,sshd,"sshd",explorer.exe,,,SHA256=0013e11f8538aa840013e11f8538aa840013e11f8538aa840013e11f8538aa84
2026-01-24 14:30:53.837,WIN-ACCT-WS22,iam.automation,1,slack.exe,"slack.exe",explorer.exe,,,SHA256=0004f0d4930c3b390004f0d4930c3b390004f0d4930c3b390004f0d4930c3b39
2026-01-24 14:37:06.139,WIN-ITADMIN-03,a.cho,1,sshd,"sshd",explorer.exe,,,SHA256=001a4c48eb40b536001a4c48eb40b536001a4c48eb40b536001a4c48eb40b536
2026-01-24 14:47:54.233,WIN-ITADMIN-03,svc-build,1,chrome.exe,"chrome.exe",launchd,,,SHA256=001ea2595f37928b001ea2595f37928b001ea2595f37928b001ea2595f37928b
2026-01-24 14:52:42.278,LINUX-ESXI-MGMT,svc-export,1,powershell.exe,"powershell.exe",cmd.exe,,,SHA256=0002300bdd25f1510002300bdd25f1510002300bdd25f1510002300bdd25f151
2026-01-24 14:56:21.512,WIN-ITADMIN-03,svc-build,1,slack.exe,"slack.exe",launchd,,,SHA256=00138718d9bf0fb000138718d9bf0fb000138718d9bf0fb000138718d9bf0fb0
2026-01-24 15:06:59.574,WIN-ITADMIN-03,a.cho,1,chrome.exe,"chrome.exe",launchd,,,SHA256=0020d9efefb890c20020d9efefb890c20020d9efefb890c20020d9efefb890c2
2026-01-24 15:09:41.131,WIN-ITADMIN-03,r.singh,1,slack.exe,"slack.exe",systemd,,,SHA256=00193e0693c2910300193e0693c2910300193e0693c2910300193e0693c29103
2026-01-24 15:12:45.847,K8S-PROD-01,svc-export,1,python3,"python3",launchd,,,SHA256=001ecad30118be01001ecad30118be01001ecad30118be01001ecad30118be01
2026-01-24 15:15:57.422,LINUX-ESXI-MGMT,a.cho,1,git,"git",launchd,,,SHA256=000fd780a30bd88d000fd780a30bd88d000fd780a30bd88d000fd780a30bd88d
2026-01-24 15:21:24.144,K8S-PROD-01,r.singh,1,sshd,"sshd",launchd,,,SHA256=000f0528dac391a6000f0528dac391a6000f0528dac391a6000f0528dac391a6
2026-01-24 15:28:31.065,LINUX-BUILD-01,svc_backup,1,python3,"python3",explorer.exe,,,SHA256=0007b78fa8eb61c30007b78fa8eb61c30007b78fa8eb61c30007b78fa8eb61c3
2026-01-24 15:33:09.198,WIN-ITADMIN-03,a.cho,1,powershell.exe,"powershell.exe",systemd,,,SHA256=001fa67685c81f51001fa67685c81f51001fa67685c81f51001fa67685c81f51
2026-01-24 15:42:19.409,LINUX-ESXI-MGMT,r.singh,1,powershell.exe,"powershell.exe",cmd.exe,,,SHA256=0008211ca5b484810008211ca5b484810008211ca5b484810008211ca5b48481
2026-01-24 15:46:28.133,LINUX-BUILD-01,svc-export,1,powershell.exe,"powershell.exe",cmd.exe,,,SHA256=0008573da15dd5bb0008573da15dd5bb0008573da15dd5bb0008573da15dd5bb
2026-01-24 15:53:47.587,WIN-ACCT-WS22,r.singh,1,sshd,"sshd",cmd.exe,,,SHA256=001bdf3cc7494147001bdf3cc7494147001bdf3cc7494147001bdf3cc7494147
2026-01-24 15:58:12.396,K8S-PROD-01,svc-export,1,powershell.exe,"powershell.exe",explorer.exe,,,SHA256=0015a104d6caae160015a104d6caae160015a104d6caae160015a104d6caae16
2026-01-24 16:02:03.957,WIN-FS02,svc-build,1,git,"git",launchd,,,SHA256=00081012c00a52b100081012c00a52b100081012c00a52b100081012c00a52b1
2026-01-24 16:05:48.546,K8S-PROD-01,svc-build,1,slack.exe,"slack.exe",launchd,,,SHA256=00087f133b8ee6ac00087f133b8ee6ac00087f133b8ee6ac00087f133b8ee6ac
2026-01-24 16:16:09.073,WIN-ACCT-WS22,r.singh,1,slack.exe,"slack.exe",launchd,,,SHA256=000b57c3ebfe603a000b57c3ebfe603a000b57c3ebfe603a000b57c3ebfe603a
2026-01-24 16:23:26.129,WIN-FS02,svc-export,1,python3,"python3",systemd,,,SHA256=0016f31e607644b60016f31e607644b60016f31e607644b60016f31e607644b6
2026-01-24 16:32:32.970,K8S-PROD-01,j.duran,1,node,"node",systemd,,,SHA256=00065a457d166e3300065a457d166e3300065a457d166e3300065a457d166e33
2026-01-24 16:39:21.518,LINUX-BUILD-01,a.cho,1,chrome.exe,"chrome.exe",explorer.exe,,,SHA256=000fa81536e3197b000fa81536e3197b000fa81536e3197b000fa81536e3197b
2026-01-24 16:45:31.204,LINUX-ESXI-MGMT,j.duran,1,chrome.exe,"chrome.exe",cmd.exe,,,SHA256=00045263f98de70000045263f98de70000045263f98de70000045263f98de700
2026-01-24 16:49:47.198,WIN-ITADMIN-03,svc-export,1,powershell.exe,"powershell.exe",launchd,,,SHA256=00067f1fb48c86ab00067f1fb48c86ab00067f1fb48c86ab00067f1fb48c86ab
2026-01-24 16:56:15.701,LINUX-ESXI-MGMT,svc_backup,1,sshd,"sshd",cmd.exe,,,SHA256=0000fd19cc6fd9940000fd19cc6fd9940000fd19cc6fd9940000fd19cc6fd994
2026-01-24 17:06:36.625,K8S-PROD-01,svc_backup,1,python3,"python3",launchd,,,SHA256=000119eef46ebdfc000119eef46ebdfc000119eef46ebdfc000119eef46ebdfc
2026-01-24 17:12:52.091,WIN-FS02,svc_backup,1,chrome.exe,"chrome.exe",explorer.exe,,,SHA256=000311ce4e92492e000311ce4e92492e000311ce4e92492e000311ce4e92492e
2026-01-24 17:18:25.398,WIN-ITADMIN-03,a.cho,1,powershell.exe,"powershell.exe",launchd,,,SHA256=000619ba68b83806000619ba68b83806000619ba68b83806000619ba68b83806
2026-01-24 17:27:00.835,WIN-ACCT-WS22,svc-export,1,chrome.exe,"chrome.exe",launchd,,,SHA256=00010e760d3caa5300010e760d3caa5300010e760d3caa5300010e760d3caa53
2026-01-24 17:33:30.101,LINUX-BUILD-01,iam.automation,1,powershell.exe,"powershell.exe",cmd.exe,,,SHA256=00094ac130e11e5a00094ac130e11e5a00094ac130e11e5a00094ac130e11e5a
2026-01-24 17:41:55.069,LINUX-BUILD-01,iam.automation,1,node,"node",cmd.exe,,,SHA256=0007b0eabde5e90e0007b0eabde5e90e0007b0eabde5e90e0007b0eabde5e90e
2026-01-24 17:46:16.822,WIN-ITADMIN-03,j.duran,1,outlook.exe,"outlook.exe",cmd.exe,,,SHA256=000cff91e19064e8000cff91e19064e8000cff91e19064e8000cff91e19064e8
2026-01-24 17:49:13.730,WIN-ACCT-WS22,iam.automation,1,python3,"python3",cmd.exe,,,SHA256=000620fa6c5e9465000620fa6c5e9465000620fa6c5e9465000620fa6c5e9465
2026-01-24 17:53:11.959,K8S-PROD-01,svc_backup,1,git,"git",systemd,,,SHA256=00049769095c4e9000049769095c4e9000049769095c4e9000049769095c4e90
2026-01-24 17:58:04.134,LINUX-BUILD-01,iam.automation,1,chrome.exe,"chrome.exe",launchd,,,SHA256=000ff5e26a360b1e000ff5e26a360b1e000ff5e26a360b1e000ff5e26a360b1e
2026-01-24 18:04:38.555,K8S-PROD-01,svc-export,1,outlook.exe,"outlook.exe",systemd,,,SHA256=0005bd5467ab59080005bd5467ab59080005bd5467ab59080005bd5467ab5908
2026-01-24 18:15:33.815,K8S-PROD-01,a.cho,1,chrome.exe,"chrome.exe",cmd.exe,,,SHA256=00204957754cc5b200204957754cc5b200204957754cc5b200204957754cc5b2
2026-01-24 18:23:02.027,K8S-PROD-01,svc_backup,1,git,"git",explorer.exe,,,SHA256=001f10ff7921cbf0001f10ff7921cbf0001f10ff7921cbf0001f10ff7921cbf0
2026-01-24 18:29:47.052,WIN-ACCT-WS22,j.duran,1,git,"git",systemd,,,SHA256=001c3f5664821990001c3f5664821990001c3f5664821990001c3f5664821990
2026-01-24 18:38:59.790,WIN-FS02,svc_backup,1,python3,"python3",explorer.exe,,,SHA256=0008f579377e67320008f579377e67320008f579377e67320008f579377e6732
2026-01-24 18:49:07.146,WIN-ACCT-WS22,r.singh,1,powershell.exe,"powershell.exe",launchd,,,SHA256=00072206a6d6119400072206a6d6119400072206a6d6119400072206a6d61194
2026-01-24 18:57:49.882,LINUX-ESXI-MGMT,svc_backup,1,python3,"python3",cmd.exe,,,SHA256=000a5b9304c0ec9e000a5b9304c0ec9e000a5b9304c0ec9e000a5b9304c0ec9e
2026-01-24 19:01:41.112,K8S-PROD-01,a.cho,1,sshd,"sshd",cmd.exe,,,SHA256=001c04cf9dc637c9001c04cf9dc637c9001c04cf9dc637c9001c04cf9dc637c9
2026-01-24 19:10:24.339,LINUX-ESXI-MGMT,r.singh,1,outlook.exe,"outlook.exe",explorer.exe,,,SHA256=000360e75d4580c4000360e75d4580c4000360e75d4580c4000360e75d4580c4
2026-01-24 19:18:29.112,WIN-ACCT-WS22,svc-build,1,python3,"python3",explorer.exe,,,SHA256=001f2ea728596c5d001f2ea728596c5d001f2ea728596c5d001f2ea728596c5d
2026-01-24 19:25:53.691,K8S-PROD-01,iam.automation,1,chrome.exe,"chrome.exe",explorer.exe,,,SHA256=001e44d60cdf1f13001e44d60cdf1f13001e44d60cdf1f13001e44d60cdf1f13
2026-01-24 19:29:36.537,WIN-ACCT-WS22,svc_backup,1,outlook.exe,"outlook.exe",launchd,,,SHA256=0008f84d0b5325e40008f84d0b5325e40008f84d0b5325e40008f84d0b5325e4
2026-01-24 19:32:39.554,LINUX-ESXI-MGMT,svc-export,1,powershell.exe,"powershell.exe",explorer.exe,,,SHA256=0006c90b4abb9d310006c90b4abb9d310006c90b4abb9d310006c90b4abb9d31
2026-01-24 19:38:52.304,LINUX-BUILD-01,svc-export,1,chrome.exe,"chrome.exe",systemd,,,SHA256=000adc7a6658b6d0000adc7a6658b6d0000adc7a6658b6d0000adc7a6658b6d0
2026-01-24 19:46:52.961,WIN-ACCT-WS22,svc-export,1,powershell.exe,"powershell.exe",launchd,,,SHA256=0016bb66403af99c0016bb66403af99c0016bb66403af99c0016bb66403af99c
2026-01-24 19:52:52.554,LINUX-BUILD-01,svc_backup,1,slack.exe,"slack.exe",explorer.exe,,,SHA256=000d41fd8e12742e000d41fd8e12742e000d41fd8e12742e000d41fd8e12742e
2026-01-24 19:58:26.652,LINUX-ESXI-MGMT,j.duran,1,node,"node",cmd.exe,,,SHA256=00063cd538daf18000063cd538daf18000063cd538daf18000063cd538daf180
2026-01-24 20:05:34.536,WIN-FS02,a.cho,1,chrome.exe,"chrome.exe",systemd,,,SHA256=000d27fd2d0bd9a4000d27fd2d0bd9a4000d27fd2d0bd9a4000d27fd2d0bd9a4
2026-01-24 20:15:50.197,WIN-ACCT-WS22,iam.automation,1,outlook.exe,"outlook.exe",explorer.exe,,,SHA256=00038bed94cb19da00038bed94cb19da00038bed94cb19da00038bed94cb19da
2026-01-24 20:27:01.125,WIN-ACCT-WS22,iam.automation,1,chrome.exe,"chrome.exe",explorer.exe,,,SHA256=000333696df206a9000333696df206a9000333696df206a9000333696df206a9
2026-01-24 20:34:47.453,WIN-FS02,j.duran,1,outlook.exe,"outlook.exe",launchd,,,SHA256=0019b833d3acf7cd0019b833d3acf7cd0019b833d3acf7cd0019b833d3acf7cd
2026-01-24 20:46:02.023,LINUX-ESXI-MGMT,iam.automation,1,sshd,"sshd",systemd,,,SHA256=001b66931a0f3106001b66931a0f3106001b66931a0f3106001b66931a0f3106
2026-01-24 20:48:36.458,WIN-ACCT-WS22,a.cho,1,node,"node",systemd,,,SHA256=00153d624de0d44200153d624de0d44200153d624de0d44200153d624de0d442
2026-01-24 20:58:13.320,WIN-FS02,svc-build,1,node,"node",launchd,,,SHA256=001c4c5b1643e88d001c4c5b1643e88d001c4c5b1643e88d001c4c5b1643e88d
2026-01-24 21:06:02.517,WIN-FS02,svc-export,1,powershell.exe,"powershell.exe",launchd,,,SHA256=00097f85426146c400097f85426146c400097f85426146c400097f85426146c4
2026-01-24 21:08:42.721,WIN-ACCT-WS22,j.duran,1,sshd,"sshd",systemd,,,SHA256=001661f14f064816001661f14f064816001661f14f064816001661f14f064816
2026-01-24 21:11:55.833,LINUX-ESXI-MGMT,j.duran,1,git,"git",explorer.exe,,,SHA256=001c3614add4b39c001c3614add4b39c001c3614add4b39c001c3614add4b39c
2026-01-24 21:16:43.366,LINUX-ESXI-MGMT,j.duran,1,git,"git",explorer.exe,,,SHA256=000c8d88c7bf6fc0000c8d88c7bf6fc0000c8d88c7bf6fc0000c8d88c7bf6fc0
2026-01-24 21:22:35.692,K8S-PROD-01,r.singh,1,python3,"python3",systemd,,,SHA256=00129040a839392b00129040a839392b00129040a839392b00129040a839392b
2026-01-24 21:28:04.811,LINUX-ESXI-MGMT,svc_backup,1,outlook.exe,"outlook.exe",cmd.exe,,,SHA256=000e8db4e72ae467000e8db4e72ae467000e8db4e72ae467000e8db4e72ae467
2026-01-24 21:33:23.805,WIN-ITADMIN-03,a.cho,1,slack.exe,"slack.exe",cmd.exe,,,SHA256=001d6f02b0c6c886001d6f02b0c6c886001d6f02b0c6c886001d6f02b0c6c886
2026-01-24 21:41:25.328,WIN-ACCT-WS22,svc-build,1,chrome.exe,"chrome.exe",launchd,,,SHA256=000ebfb9ba3bb063000ebfb9ba3bb063000ebfb9ba3bb063000ebfb9ba3bb063
2026-01-24 21:52:40.059,LINUX-BUILD-01,svc-export,1,chrome.exe,"chrome.exe",systemd,,,SHA256=001d9be763346557001d9be763346557001d9be763346557001d9be763346557
2026-01-24 21:55:55.349,WIN-FS02,r.singh,1,chrome.exe,"chrome.exe",systemd,,,SHA256=00053b5b70c4618100053b5b70c4618100053b5b70c4618100053b5b70c46181
2026-01-24 22:01:34.537,WIN-ACCT-WS22,svc-build,1,node,"node",explorer.exe,,,SHA256=000b542fb3e4c8f1000b542fb3e4c8f1000b542fb3e4c8f1000b542fb3e4c8f1
2026-01-24 22:05:57.470,K8S-PROD-01,svc-export,1,python3,"python3",explorer.exe,,,SHA256=000273d4e4c84046000273d4e4c84046000273d4e4c84046000273d4e4c84046
2026-01-24 22:13:20.302,WIN-ACCT-WS22,svc_backup,1,outlook.exe,"outlook.exe",systemd,,,SHA256=000b913c53d0e4b3000b913c53d0e4b3000b913c53d0e4b3000b913c53d0e4b3
2026-01-24 22:23:14.075,LINUX-BUILD-01,j.duran,1,chrome.exe,"chrome.exe",cmd.exe,,,SHA256=00237d3e78ce5c6200237d3e78ce5c6200237d3e78ce5c6200237d3e78ce5c62
2026-01-24 22:32:32.062,LINUX-ESXI-MGMT,r.singh,1,slack.exe,"slack.exe",cmd.exe,,,SHA256=0006177866bfffa00006177866bfffa00006177866bfffa00006177866bfffa0
2026-01-24 22:39:29.260,LINUX-ESXI-MGMT,r.singh,1,python3,"python3",cmd.exe,,,SHA256=001be98655fd4a70001be98655fd4a70001be98655fd4a70001be98655fd4a70
2026-01-24 22:49:06.463,LINUX-ESXI-MGMT,svc_backup,1,python3,"python3",systemd,,,SHA256=001f03201f986b3f001f03201f986b3f001f03201f986b3f001f03201f986b3f
2026-01-24 22:52:57.365,WIN-ITADMIN-03,j.duran,1,outlook.exe,"outlook.exe",explorer.exe,,,SHA256=00037319cb44aef600037319cb44aef600037319cb44aef600037319cb44aef6
2026-01-24 23:03:00.368,WIN-FS02,a.cho,1,chrome.exe,"chrome.exe",systemd,,,SHA256=00073e4f88ab0bae00073e4f88ab0bae00073e4f88ab0bae00073e4f88ab0bae
2026-01-24 23:13:26.031,K8S-PROD-01,r.singh,1,slack.exe,"slack.exe",systemd,,,SHA256=001843a581ecf29b001843a581ecf29b001843a581ecf29b001843a581ecf29b
2026-01-24 23:22:14.119,WIN-FS02,svc-build,1,outlook.exe,"outlook.exe",launchd,,,SHA256=001f279a10f02f0c001f279a10f02f0c001f279a10f02f0c001f279a10f02f0c
2026-01-24 23:26:47.353,WIN-ACCT-WS22,svc-export,1,node,"node",launchd,,,SHA256=001998f202aabba4001998f202aabba4001998f202aabba4001998f202aabba4
2026-01-24 23:36:27.402,K8S-PROD-01,svc_backup,1,python3,"python3",systemd,,,SHA256=0014a1f6f02770080014a1f6f02770080014a1f6f02770080014a1f6f0277008
2026-01-24 23:42:26.299,LINUX-BUILD-01,j.duran,1,node,"node",systemd,,,SHA256=0003a332204c08b30003a332204c08b30003a332204c08b30003a332204c08b3
2026-01-24 23:50:05.953,LINUX-ESXI-MGMT,svc-build,1,slack.exe,"slack.exe",cmd.exe,,,SHA256=001e80f0bf009fc3001e80f0bf009fc3001e80f0bf009fc3001e80f0bf009fc3
2026-01-24 23:53:21.198,WIN-FS02,r.singh,1,sshd,"sshd",cmd.exe,,,SHA256=001b97513fe908c2001b97513fe908c2001b97513fe908c2001b97513fe908c2
2026-01-24 23:57:17.972,WIN-ACCT-WS22,j.duran,1,chrome.exe,"chrome.exe",systemd,,,SHA256=00023193ce1bf2ec00023193ce1bf2ec00023193ce1bf2ec00023193ce1bf2ec
